Time,X,Y,Z,Viewazimuth,ViewElevation
7.416049,-4.21,1.279999,-9.11,0,0
7.554501,-4.516756,1.279999,-9.11,0,0
7.712032,-4.643134,1.279999,-9.11,0,0
7.813261,-4.645976,1.279999,-9.11,0,0
7.922151,-4.645976,1.279999,-9.11,0,0
8.028081,-4.645976,1.279999,-9.11,0,0
8.141942,-4.645976,1.279999,-9.11,0,0
8.244802,-4.645976,1.279999,-9.11,0,0
8.353267,-4.645976,1.279999,-9.11,0,0
8.479043,-4.645976,1.279999,-9.11,0,0
8.58343,-4.645976,1.279999,-9.11,0,0
8.687326,-4.645976,1.279999,-9.11,0,0
8.808322,-4.645976,1.279999,-9.11,0,0
8.916013,-4.645976,1.279999,-9.11,0,0
9.020181,-4.645976,1.279999,-9.11,0,0
9.136334,-4.645976,1.279999,-9.11,0,0
9.237586,-4.645976,1.279999,-9.11,0,0
9.338147,-4.645976,1.279999,-9.11,0,0
9.444743,-4.645976,1.279999,-9.11,0,0
9.556727,-4.645976,1.279999,-9.11,0,0
9.664436,-4.645976,1.279999,-9.11,0,0
9.773732,-4.645976,1.279999,-9.11,0,0
9.890967,-4.645976,1.279999,-9.11,0,0
9.991717,-4.645976,1.279999,-9.11,0,0
10.09615,-4.645976,1.279999,-9.11,0,0
10.19884,-4.645976,1.279999,-9.11,0,0
10.30209,-4.645976,1.279999,-9.11,0,0
10.41109,-4.645976,1.279999,-9.11,0,0
10.51536,-4.645976,1.279999,-9.11,0,0
10.6282,-4.645976,1.279999,-9.11,0,0
10.73401,-4.645976,1.279999,-9.11,0,0
10.84134,-4.645976,1.279999,-9.11,0,0
10.94957,-4.645976,1.279999,-9.11,0,0
11.05285,-4.612191,1.279999,-9.11,0,0
11.16352,-4.467019,1.279999,-9.11,0,0
11.26401,-4.242103,1.279999,-9.11,0,0
11.37986,-3.900258,1.279999,-9.11,0,0
11.48603,-3.581935,1.279999,-9.11,0,0
11.59651,-3.248704,1.279999,-9.11,0,0
11.71266,-2.922877,1.279999,-9.11,0,0
11.81724,-2.720228,1.279999,-9.11,0,0
11.92589,-2.615678,1.279999,-9.11,0,0
12.03621,-2.602686,1.279999,-9.11,0,0
12.14455,-2.602686,1.279999,-9.11,0,0
12.2458,-2.602686,1.279999,-9.11,0,0
12.35295,-2.602686,1.279999,-9.11,0,0
12.45847,-2.602686,1.279999,-9.11,0,0
12.56469,-2.602686,1.279999,-9.11,0,0
12.6657,-2.602686,1.279999,-9.11,0,0
12.77174,-2.602686,1.279999,-9.11,0,0
12.87799,-2.561239,1.279999,-9.11,0,0
12.98292,-2.557363,1.279999,-9.11,0,0
13.0848,-2.557363,1.279999,-9.11,0,0
13.20339,-2.557363,1.279999,-9.11,0,0
13.30517,-2.557363,1.279999,-9.11,0,0
13.40608,-2.557363,1.279999,-9.11,0,0
13.51326,-2.557363,1.279999,-9.11,0,0
13.6136,-2.557363,1.279999,-9.11,0,0
13.7171,-2.557363,1.279999,-9.11,0,0
13.81842,-2.557363,1.279999,-9.11,0,0
13.92576,-2.557363,1.279999,-9.077816,0,0
14.03626,-2.557363,1.279999,-8.936728,0,0
14.14853,-2.557363,1.279999,-8.682943,0,0
14.25011,-2.557363,1.279999,-8.381108,0,0
14.35531,-2.557363,1.279999,-8.067638,0,0
14.45575,-2.557363,1.279999,-7.765302,0,0
14.562,-2.557363,1.279999,-7.49177,0,0
14.6664,-2.557363,1.279999,-7.321808,0,0
14.76682,-2.557363,1.279999,-7.252143,0,0
14.86856,-2.557363,1.279999,-7.248802,0,0
14.97116,-2.557363,1.279999,-7.248802,0,0
15.07409,-2.557363,1.279999,-7.248802,13.81078,85.74241
15.17511,-2.557363,1.279999,-7.248802,63.99554,90
15.28532,-2.557363,1.279999,-7.248802,63.99554,90
15.38825,-2.557363,1.279999,-7.248802,108.3715,90
15.49356,-2.557363,1.279999,-7.248802,113.9779,90
15.5991,-2.557363,1.279999,-7.248802,116.03,90
15.70188,-2.557363,1.279999,-7.248802,118.544,90
15.8128,-2.557363,1.279999,-7.248802,118.544,90
15.91889,-2.557363,1.279999,-7.248802,118.544,90
16.02038,-2.557363,1.279999,-7.248802,119.2351,90
16.12913,-2.557363,1.279999,-7.248802,120.6751,90
16.23332,-2.557363,1.279999,-7.248802,120.6751,90
16.34365,-2.557363,1.279999,-7.248802,120.6751,90
16.44674,-2.557363,1.279999,-7.248802,120.6751,90
16.54752,-2.557363,1.279999,-7.248802,120.6751,90
16.65128,-2.557363,1.279999,-7.248802,120.6751,90
16.75634,-2.557363,1.279999,-7.248802,120.6751,90
16.86473,-2.557363,1.279999,-7.248802,120.6751,90
16.96859,-2.557363,1.279999,-7.248802,120.6751,90
17.06976,-2.557363,1.279999,-7.248802,92.99036,90
17.17461,-2.557363,1.279999,-7.248802,306.6575,90
17.28007,-2.557363,1.279999,-7.248802,306.6575,90
17.38379,-2.557363,1.279999,-7.248802,306.6575,90
17.48752,-2.557363,1.279999,-7.248802,305.1593,90
17.60395,-2.557363,1.279999,-7.248802,307.9612,79.80483
17.71716,-2.557363,1.279999,-7.248802,319.1195,44.93496
17.81751,-2.557363,1.279999,-7.248802,330.6245,22.40445
17.93976,-2.557363,1.279999,-7.248802,330.6245,22.40445
18.04683,-2.557363,1.279999,-7.248802,40.09393,285.726
18.14992,-2.557363,1.279999,-7.248802,62.20971,270
18.25204,-2.557363,1.279999,-7.248802,81.40615,270
18.35418,-2.557363,1.279999,-7.248802,81.40615,270
18.46206,-2.557363,1.279999,-7.248802,81.40615,270
18.56238,-2.557363,1.279999,-7.248802,99.6703,270
18.67348,-2.557363,1.279999,-7.248802,138.9762,270
18.77902,-2.557363,1.279999,-7.248802,142.6132,270
18.87982,-2.557363,1.279999,-7.248802,142.6132,270
18.98643,-2.557363,1.279999,-7.248802,142.6132,270
19.09872,-2.557363,1.279999,-7.248802,147.392,270
19.20474,-2.557363,1.279999,-7.248802,154.8043,270
19.30668,-2.557363,1.279999,-7.248802,156.4262,270
19.41386,-2.557363,1.279999,-7.248802,156.4262,270
19.52602,-2.557363,1.279999,-7.248802,156.4262,270
19.63263,-2.557363,1.279999,-7.248802,156.4262,270
19.73309,-2.557363,1.279999,-7.248802,156.4262,270
19.83339,-2.557363,1.279999,-7.248802,156.4262,270
19.93763,-2.557363,1.279999,-7.248802,156.4262,270
20.04228,-2.557363,1.279999,-7.248802,156.4262,270
20.14633,-2.557363,1.279999,-7.248802,156.4262,270
20.25177,-2.557363,1.279999,-7.248802,156.4262,270
20.35306,-2.557363,1.279999,-7.248802,156.4262,270
20.45374,-2.557363,1.279999,-7.248802,156.4262,270
20.55532,-2.557363,1.279999,-7.248802,156.4262,270
20.65665,-2.557363,1.279999,-7.248802,156.4262,270
20.76285,-2.557363,1.279999,-7.248802,156.4262,270
20.86726,-2.557363,1.279999,-7.248802,156.4262,270
20.96988,-2.557363,1.279999,-7.248802,156.4262,270
21.07278,-2.557363,1.279999,-7.248802,156.4262,270
21.18535,-2.557363,1.279999,-7.248802,156.4262,270
21.29185,-2.557363,1.279999,-7.248802,156.4262,270
21.39447,-2.557363,1.279999,-7.248802,156.4262,270
21.50714,-2.557363,1.279999,-7.248802,156.4262,270
21.60785,-2.557363,1.279999,-7.248802,156.4262,270
21.71004,-2.557363,1.279999,-7.248802,156.4262,270
21.81558,-2.557363,1.279999,-7.248802,156.4262,270
21.92502,-2.557363,1.279999,-7.248802,156.4262,270
22.02581,-2.557363,1.279999,-7.248802,156.4262,270
22.12886,-2.557363,1.279999,-7.248802,156.4262,270
22.23193,-2.557363,1.279999,-7.248802,156.4262,270
22.34375,-2.557363,1.279999,-7.248802,156.4262,270
22.45075,-2.557363,1.279999,-7.248802,156.4262,270
22.55381,-2.557363,1.279999,-7.248802,156.4262,270
22.65493,-2.557363,1.279999,-7.248802,156.4262,270
22.75506,-2.557363,1.279999,-7.248802,156.4262,270
22.85999,-2.557363,1.279999,-7.248802,166.23,284.8197
22.96206,-2.557363,1.279999,-7.248802,166.23,296.4302
23.07203,-2.557363,1.279999,-7.248802,166.8565,303.1568
23.17418,-2.557363,1.279999,-7.248802,166.8565,303.1568
23.2822,-2.557363,1.279999,-7.248802,166.8565,303.1568
23.38426,-2.557363,1.279999,-7.248802,166.8565,303.1568
23.49674,-2.557363,1.279999,-7.248802,166.8565,303.1568
23.60486,-2.557363,1.279999,-7.248802,166.8565,303.1568
23.70628,-2.557363,1.279999,-7.248802,166.8565,303.1568
23.81708,-2.557363,1.279999,-7.248802,166.8565,303.1568
23.92671,-2.557363,1.279999,-7.248802,166.8565,303.1568
24.02758,-2.557363,1.279999,-7.248802,166.8565,303.1568
24.12959,-2.557363,1.279999,-7.248802,166.8565,303.1568
24.24241,-2.557363,1.279999,-7.248802,166.8565,303.1568
24.34459,-2.557363,1.279999,-7.248802,166.8565,303.1568
24.4531,-2.557363,1.279999,-7.248802,166.8565,303.1568
24.56326,-2.557363,1.279999,-7.248802,166.8565,309.2766
24.67077,-2.557363,1.279999,-7.248802,169.4449,326.0237
24.77388,-2.557363,1.279999,-7.248802,170.8672,345.4625
24.87556,-2.557363,1.279999,-7.248802,175.2288,25.20123
24.98588,-2.557363,1.279999,-7.248802,172.3494,90
25.09274,-2.557363,1.279999,-7.248802,172.3494,90
25.2069,-2.557363,1.279999,-7.248802,172.3494,90
25.32133,-2.557363,1.279999,-7.248802,172.3494,90
25.42838,-2.557363,1.279999,-7.248802,169.0959,90
25.54087,-2.557363,1.279999,-7.248802,187.9624,90
25.65123,-2.557363,1.279999,-7.248802,197.5292,90
25.75931,-2.557363,1.279999,-7.248802,201.0051,90
25.86981,-2.557363,1.279999,-7.248802,201.0051,90
25.9843,-2.557363,1.279999,-7.248802,201.0051,85.72474
26.08952,-2.557363,1.279999,-7.248802,201.0051,74.84547
26.19625,-2.557363,1.279999,-7.248802,204.6379,44.82637
26.29865,-2.557363,1.279999,-7.248802,204.6379,31.01673
26.41833,-2.557363,1.279999,-7.248802,204.6379,15.93174
26.53254,-2.557363,1.279999,-7.248802,204.6379,15.93174
26.65487,-2.557363,1.279999,-7.248802,204.6379,12.845
26.76848,-2.557363,1.279999,-7.248802,206.8928,11.15382
26.88241,-2.557363,1.279999,-7.248802,206.8928,11.15382
26.9969,-2.557363,1.279999,-7.248802,206.8928,11.15382
27.11156,-2.557363,1.279999,-7.248802,206.8928,8.11027
27.23705,-2.557363,1.279999,-7.248802,206.8928,3.57379
27.34002,-2.557363,1.279999,-7.248802,206.8928,3.57379
27.44559,-2.557363,1.279999,-7.248802,206.8928,1.396397
27.54787,-2.557363,1.279999,-7.248802,206.8928,1.396397
27.66988,-2.557363,1.279999,-7.248802,206.8928,0.04146183
27.78839,-2.557363,1.279999,-7.248802,206.8928,0.04146183
27.89203,-2.557363,1.279999,-7.248802,206.8928,0.04146183
28.0084,-2.557363,1.279999,-7.248802,206.8928,358.4138
28.11729,-2.557363,1.279999,-7.248802,206.8928,354.2837
28.21789,-2.557363,1.279999,-7.248802,206.8928,354.2837
28.33272,-2.557363,1.279999,-7.248802,206.8928,354.2837
28.44407,-2.557363,1.279999,-7.248802,204.3684,357.4392
28.57052,-2.557363,1.279999,-7.248802,199.0257,357.4392
28.68186,-2.557363,1.279999,-7.248802,192.488,357.4392
28.7837,-2.557363,1.279999,-7.248802,186.0122,354.4957
28.89913,-2.557363,1.279999,-7.248802,180.1235,354.4957
29.0083,-2.557363,1.279999,-7.248802,171.524,358.3313
29.11035,-2.557363,1.279999,-7.248802,168.1308,358.9413
29.2291,-2.557363,1.279999,-7.248802,162.3099,0.8295119
29.33252,-2.557363,1.279999,-7.248802,158.8035,3.459334
29.44306,-2.557363,1.279999,-7.248802,157.4707,3.459335
29.5455,-2.557363,1.279999,-7.248802,155.8093,4.705414
29.65855,-2.557363,1.279999,-7.248802,155.8093,4.705414
29.76246,-2.557363,1.279999,-7.248802,154.8515,4.705415
29.88316,-2.557363,1.279999,-7.248802,152.6922,7.621888
29.9935,-2.557363,1.279999,-7.248802,150.4661,8.692617
30.10012,-2.557363,1.279999,-7.248802,148.9354,10.22334
30.2015,-2.557363,1.279999,-7.248802,148.9354,10.22334
30.30816,-2.557363,1.279999,-7.248802,147.9978,10.22334
30.40837,-2.557363,1.279999,-7.248802,147.3696,10.22334
30.51618,-2.557363,1.279999,-7.248802,146.0065,10.22334
30.6197,-2.557363,1.279999,-7.248802,146.0065,10.22334
30.72826,-2.557363,1.279999,-7.248802,148.0326,10.22334
30.83063,-2.557363,1.279999,-7.248802,151.8453,10.22334
30.93431,-2.557363,1.279999,-7.248802,153.1112,10.22334
31.04529,-2.557363,1.279999,-7.248802,154.2448,10.22334
31.14615,-2.557363,1.279999,-7.248802,154.2448,10.22334
31.24762,-2.557363,1.279999,-7.248802,154.2448,10.22334
31.34838,-2.557363,1.279999,-7.248802,154.2448,10.22334
31.45628,-2.557363,1.279999,-7.248802,154.2448,10.22334
31.5609,-2.557363,1.279999,-7.248802,155.3567,10.22334
31.6673,-2.557363,1.279999,-7.248802,156.1778,10.22334
31.78154,-2.557363,1.279999,-7.248802,156.1778,10.22334
31.88271,-2.557363,1.279999,-7.248802,156.1778,10.22334
31.98281,-2.557363,1.279999,-7.248802,156.1778,10.22334
32.0947,-2.557363,1.279999,-7.248802,156.1778,10.22334
32.20314,-2.557363,1.279999,-7.248802,156.9879,10.22334
32.31439,-2.557363,1.279999,-7.248802,160.5122,10.22334
32.41637,-2.557363,1.279999,-7.248802,163.8675,8.788849
32.53247,-2.557363,1.279999,-7.248802,163.8675,8.788849
32.63511,-2.557363,1.279999,-7.248802,163.8675,7.09792
32.74593,-2.557363,1.279999,-7.248802,163.8675,7.09792
32.85429,-2.557363,1.279999,-7.248802,163.8675,7.09792
32.96338,-2.557363,1.279999,-7.248802,163.8675,7.09792
33.06355,-2.557363,1.279999,-7.248802,163.8675,7.09792
33.17264,-2.557363,1.279999,-7.248802,163.8675,7.09792
33.2784,-2.557363,1.279999,-7.248802,163.8675,7.09792
33.37907,-2.557363,1.279999,-7.248802,163.8675,7.09792
33.48126,-2.557363,1.279999,-7.248802,163.8675,7.09792
33.58716,-2.557363,1.279999,-7.248802,163.8675,7.09792
33.70377,-2.557363,1.279999,-7.248802,163.8675,7.09792
33.81085,-2.557363,1.279999,-7.248802,168.3846,4.174707
33.91817,-2.557363,1.279999,-7.248802,174.3137,0.2147293
34.0268,-2.557363,1.279999,-7.248802,175.8458,358.6826
34.1422,-2.557363,1.279999,-7.248802,175.8458,358.6826
34.25002,-2.557363,1.279999,-7.248802,175.8458,356.6407
34.35156,-2.557363,1.279999,-7.248802,177.7933,356.6407
34.46386,-2.557363,1.279999,-7.248802,177.7933,356.6407
34.57223,-2.557363,1.279999,-7.248802,177.7933,356.6407
34.67637,-2.557363,1.279999,-7.248802,177.7933,356.6407
34.79552,-2.557363,1.279999,-7.248802,177.7933,356.6407
34.90501,-2.557363,1.279999,-7.248802,177.7933,356.6407
35.02927,-2.557363,1.279999,-7.248802,177.7933,356.6407
35.13591,-2.554933,1.279999,-7.311851,177.7933,356.6407
35.2444,-2.548437,1.279999,-7.480438,177.7933,356.6407
35.35509,-2.537657,1.279999,-7.760183,177.7933,356.6407
35.46515,-2.524957,1.279999,-8.089763,177.7933,356.6407
35.57633,-2.512051,1.279999,-8.424699,177.7933,356.6407
35.69438,-2.498445,1.279999,-8.777806,177.7933,356.6407
35.80486,-2.485666,1.279999,-9.109428,177.7933,356.6407
35.91393,-2.474381,1.279999,-9.402281,177.7933,356.6407
36.02353,-2.46704,1.279999,-9.592813,177.7933,356.6407
36.12591,-2.463923,1.279999,-9.673685,177.7933,356.6407
36.23185,-2.463662,1.279999,-9.680469,177.7933,356.6407
36.33525,-2.463662,1.279999,-9.680469,177.7933,356.6407
36.43756,-2.463662,1.279999,-9.680469,177.7933,356.6407
36.54795,-2.463662,1.279999,-9.680469,177.7933,356.6407
36.64886,-2.463662,1.279999,-9.680469,177.7933,356.6407
36.7578,-2.463662,1.279999,-9.680469,177.7933,356.6407
36.87325,-2.463662,1.279999,-9.680469,177.7933,356.6407
36.98042,-2.462532,1.279999,-9.709787,177.7933,356.6407
37.09193,-2.45736,1.279999,-9.844009,177.7933,356.6407
37.19857,-2.452948,1.279999,-9.958515,177.7933,356.6407
37.30234,-2.452154,1.279999,-9.97911,177.7933,356.6407
37.40322,-2.452154,1.279999,-9.97911,177.7933,356.6407
37.51578,-2.452154,1.279999,-9.97911,177.7933,356.6407
37.62996,-2.452154,1.279999,-9.97911,177.7933,356.6407
37.73824,-2.452154,1.279999,-9.97911,177.7933,356.6407
37.85386,-2.452154,1.279999,-9.97911,177.7933,356.6407
37.96584,-2.452154,1.279999,-9.97911,177.7933,356.6407
38.07146,-2.449916,1.279999,-10.03719,177.7933,356.6407
38.17588,-2.443955,1.279999,-10.19189,177.7933,356.6407
38.28102,-2.434198,1.279999,-10.4451,177.7933,356.6407
38.38338,-2.422252,1.279999,-10.75511,177.7933,356.6407
38.49366,-2.392511,1.279999,-11.01355,177.7933,356.6407
38.61258,-2.298984,1.279999,-11.24225,177.7933,356.6407
38.72032,-2.286341,1.279999,-11.57035,177.7933,356.6407
38.82631,-2.276373,1.279999,-11.82904,177.7933,356.6407
38.93848,-2.269979,1.279999,-11.99496,177.7933,356.6407
39.04343,-2.267936,1.279999,-12.04799,177.7933,356.6407
39.14568,-2.267936,1.279999,-12.04799,177.7933,356.6407
39.25335,-2.267936,1.279999,-12.04799,177.7933,356.6407
39.36895,-2.26484,1.279998,-12.04786,177.7933,356.6407
39.47118,-2.194025,1.279999,-12.04514,177.7933,356.6407
39.57373,-2.026476,1.279999,-12.03868,177.7933,356.6407
39.674,-1.774861,1.279999,-12.02899,177.7933,356.6407
39.77652,-1.622328,1.279999,-12.01868,177.7933,356.6407
39.88602,-1.622328,1.279999,-12.01321,177.7933,356.6407
39.98917,-1.622328,1.279999,-12.01321,177.7933,356.6407
40.09715,-1.622328,1.279999,-12.01321,177.7933,356.6407
40.20304,-1.622328,1.279999,-12.01321,177.7933,356.6407
40.30832,-1.622328,1.279999,-12.01321,177.7933,356.6407
40.41811,-1.622236,1.279999,-12.01559,177.7933,356.6407
40.52014,-1.619587,1.279999,-12.08433,177.7933,356.6407
40.62305,-1.613261,1.279999,-12.2485,177.7933,356.6407
40.7294,-1.602954,1.279999,-12.51598,177.7933,356.6407
40.84789,-1.589346,1.279999,-12.86913,177.7933,356.6407
40.9539,-1.57694,1.279999,-13.19109,177.7933,356.6407
41.05578,-1.565247,1.279998,-13.49454,177.7933,356.6407
41.1637,-1.552801,1.279998,-13.81752,177.7933,356.6407
41.2674,-1.545467,1.279998,-14.12579,177.7933,356.6407
41.36909,-1.545466,1.279998,-14.39234,177.7933,356.6407
41.47596,-1.545465,1.279998,-14.56802,177.7933,356.6407
41.58018,-1.545456,1.279998,-14.64058,177.7933,356.6407
41.68978,-1.545457,1.279998,-14.64281,177.7933,356.6407
41.79214,-1.545457,1.279998,-14.64281,177.7933,356.6407
41.90198,-1.545457,1.279998,-14.64281,177.7933,356.6407
42.011,-1.607036,1.279998,-14.64519,177.7933,356.6407
42.12556,-1.75858,1.279998,-14.65103,177.7933,356.6407
42.23549,-1.82741,1.279998,-14.65368,177.7933,356.6407
42.34198,-1.82741,1.279998,-14.65368,177.7933,356.6407
42.44419,-1.82741,1.279998,-14.65368,177.7933,356.6407
42.54644,-1.82741,1.279998,-14.65368,177.7933,356.6407
42.65052,-1.82741,1.279998,-14.65368,177.7933,356.6407
42.76024,-1.82741,1.279998,-14.65368,177.7933,356.6407
42.86756,-1.82741,1.279998,-14.65368,177.7933,356.6407
42.97438,-1.82741,1.279998,-14.65368,177.7933,356.6407
43.09102,-1.82741,1.279998,-14.65368,177.7933,356.6407
43.19802,-1.825093,1.279998,-14.71382,177.7933,356.6407
43.30434,-1.818868,1.279998,-14.87536,177.7933,356.6407
43.4049,-1.809441,1.279998,-15.12,177.7933,356.6407
43.51281,-1.797008,1.279998,-15.44266,177.7933,356.6407
43.61724,-1.784958,1.279998,-15.75537,177.7933,356.6407
43.73173,-1.771778,1.279998,-16.09742,177.7933,356.6407
43.83894,-1.760477,1.279998,-16.39069,177.7933,356.6407
43.93913,-1.752996,1.279998,-16.58483,177.7933,356.6407
44.0433,-1.749018,1.279998,-16.68807,177.7933,356.6407
44.14729,-1.748431,1.279998,-16.70329,177.7933,356.6407
44.24761,-1.748431,1.279998,-16.70329,177.7933,356.6407
44.35489,-1.748431,1.279998,-16.70329,177.7933,356.6407
44.46389,-1.748431,1.279998,-16.70329,177.7933,356.6407
44.56668,-1.748431,1.279998,-16.70329,177.7933,356.6407
44.67714,-1.782361,1.279998,-16.7046,177.7933,356.6407
44.78363,-1.791993,1.279998,-16.70497,177.7933,356.6407
44.88393,-1.791993,1.279998,-16.70497,177.7933,356.6407
44.99351,-1.791993,1.279998,-16.70497,177.7933,356.6407
45.09377,-1.791993,1.279998,-16.70497,177.7933,356.6407
45.1994,-1.791993,1.279998,-16.70497,177.7933,356.6407
45.30955,-1.791993,1.279998,-16.70497,177.7933,356.6407
45.41024,-1.791993,1.279998,-16.70497,177.7933,356.6407
45.51174,-1.791993,1.279998,-16.70497,177.7933,356.6407
45.61375,-1.791993,1.279998,-16.70497,177.7933,356.6407
45.716,-1.791993,1.279998,-16.70497,177.7933,356.6407
45.82464,-1.791993,1.279998,-16.70497,177.7933,356.6407
45.92752,-1.791993,1.279998,-16.70497,177.7933,356.6407
46.0318,-1.791993,1.279998,-16.70497,177.7933,356.6407
46.13367,-1.791993,1.279998,-16.70497,177.7933,356.6407
46.239,-1.791993,1.279998,-16.70497,177.7933,356.6407
46.34624,-1.791993,1.279998,-16.70497,177.7933,356.6407
46.44634,-1.791563,1.279998,-16.71614,177.7933,356.6407
46.55983,-1.787867,1.279998,-16.81206,177.7933,356.6407
46.67023,-1.78655,1.279998,-16.84623,177.7933,356.6407
46.77399,-1.78655,1.279998,-16.84623,177.7933,356.6407
46.87605,-1.78655,1.279998,-16.84623,177.7933,356.6407
46.97618,-1.78655,1.279998,-16.84623,177.7933,356.6407
47.07734,-1.78655,1.279998,-16.84623,177.7933,356.6407
47.17837,-1.820184,1.279998,-16.84752,177.7933,356.6407
47.28021,-1.946335,1.279998,-16.85238,177.7933,356.6407
47.38684,-2.062162,1.279998,-16.85685,177.7933,356.6407
47.49352,-2.08268,1.279998,-16.85764,177.7933,356.6407
47.60136,-2.08268,1.279998,-16.85764,177.7933,356.6407
47.7133,-2.08268,1.279998,-16.85764,177.7933,356.6407
47.82185,-2.08268,1.279998,-16.85764,177.7933,356.6407
47.92982,-2.08268,1.279998,-16.85764,177.7933,356.6407
48.03397,-2.08268,1.279998,-16.85764,177.7933,356.6407
48.15094,-2.08268,1.279998,-16.85764,177.7933,356.6407
48.25274,-2.08268,1.279998,-16.85764,177.7933,356.6407
48.3605,-2.08268,1.279998,-16.85764,177.7933,356.6407
48.47478,-2.08268,1.279998,-16.85764,177.7933,356.6407
48.57574,-2.13705,1.279998,-16.85973,177.7933,356.6407
48.68269,-2.194388,1.279998,-16.86194,177.7933,356.6407
48.7902,-2.194388,1.279998,-16.86194,177.7933,356.6407
48.89387,-2.194388,1.279998,-16.86194,177.7933,356.6407
49.00056,-2.194388,1.279998,-16.86194,177.7933,356.6407
49.10182,-2.194388,1.279998,-16.86194,177.7933,356.6407
49.20928,-2.194388,1.279998,-16.86194,177.7933,356.6407
49.31149,-2.194121,1.279998,-16.86887,177.7933,356.6407
49.42271,-2.190537,1.279998,-16.96188,177.7933,356.6407
49.52987,-2.184773,1.279998,-17.11146,177.7933,356.6407
49.63872,-2.184447,1.279998,-17.16952,177.7933,356.6407
49.75305,-2.184447,1.279998,-17.16952,177.7933,356.6407
49.86317,-2.184447,1.279998,-17.16952,177.7933,356.6407
49.9651,-2.184447,1.279998,-17.16952,177.7933,356.6407
50.07226,-2.184447,1.279998,-17.16952,177.7933,356.6407
50.17725,-2.184447,1.279998,-17.16952,177.7933,356.6407
50.29202,-2.184447,1.279998,-17.16952,177.7933,356.6407
50.40207,-2.184447,1.279998,-17.16952,177.7933,356.6407
50.51157,-2.184447,1.279998,-17.16952,177.7933,356.6407
50.62508,-2.184447,1.279998,-17.16952,177.7933,356.6407
50.72857,-2.184447,1.279998,-17.16952,177.7933,356.6407
50.95265,-2.184447,1.279998,-17.16952,177.7933,356.6407
51.05835,-2.184447,1.279998,-17.16952,177.7933,356.6407
51.16199,-2.184447,1.279998,-17.16952,177.7933,356.6407
51.26979,-2.184447,1.279998,-17.16952,177.7933,356.6407
51.39353,-2.184447,1.279998,-17.16952,177.7933,356.6407
51.49359,-2.184447,1.279998,-17.16952,177.7933,356.6407
51.72074,-2.184447,1.279997,-17.16952,177.7933,356.6407
51.82845,-2.184447,1.279997,-17.16952,177.7933,356.6407
51.93166,-2.184447,1.279997,-17.16952,177.7933,356.6407
52.03339,-2.184447,1.279997,-17.16952,177.7933,356.6407
52.13472,-2.184447,1.279997,-17.16952,177.7933,356.6407
52.43844,-2.184447,1.279997,-17.16952,177.7933,356.6407
52.54144,-2.184447,1.279997,-17.16952,177.7933,356.6407
52.6422,-2.184447,1.279997,-17.16952,177.7933,356.6407
52.74958,-2.184447,1.279997,-17.16952,177.7933,356.6407
52.85635,-2.184447,1.279997,-17.16952,177.7933,356.6407
53.14462,-2.184447,1.279997,-17.16952,177.7933,356.6407
53.25855,-2.184447,1.279997,-17.16952,177.7933,356.6407
53.37207,-2.184447,1.279997,-17.16952,177.7933,356.6407
53.48304,-2.184447,1.279997,-17.16952,182.9391,358.5952
53.75446,-2.184447,1.279996,-17.16952,89.75854,273.4399
53.86097,-2.184447,1.279996,-17.16952,98.57719,272.7342
53.96357,-2.184447,1.279996,-17.16952,98.57719,272.7342
54.06668,-2.184447,1.279996,-17.16952,102.686,272.7343
54.16851,-2.184447,1.279996,-17.16952,102.686,272.7343
54.27728,-2.184447,1.279996,-17.16952,103.991,272.7341
54.60523,-2.184447,1.279996,-17.16952,264.1073,270.1678
54.70713,-2.184447,1.279996,-17.16952,264.8966,270.1702
54.81127,-2.184447,1.279996,-17.16952,264.8966,270.1702
54.92211,-2.184447,1.279996,-17.16952,264.8966,270.1702
55.03905,-2.184447,1.279996,-17.16952,264.8966,270.1702
55.32975,-2.184447,1.279995,-17.16952,284.7316,270
55.44822,-2.184447,1.279995,-17.16952,284.7315,271.8603
55.55597,-2.184447,1.279995,-17.16952,284.7315,282.0687
55.65633,-2.184447,1.279995,-17.16952,284.7315,284.2463
55.98336,-2.184447,1.279995,-17.16952,345.5097,353.1115
56.09239,-2.184447,1.279995,-17.16952,345.5097,353.1115
56.21482,-2.184447,1.279995,-17.16952,345.5097,353.1115
56.32423,-2.184447,1.279995,-17.16952,345.5097,353.1115
56.46453,-2.184447,1.279995,-17.16952,345.5097,15.22222
56.58784,-2.184447,1.279995,-17.16952,349.4523,49.93241
56.89026,-2.184447,1.279995,-17.16952,349.4523,90
56.99388,-2.184447,1.279995,-17.16952,349.4523,90
57.09812,-2.184447,1.279995,-17.16952,349.4523,90
57.20779,-2.184447,1.279995,-17.16952,349.4523,90
57.5087,-2.184447,1.279995,-17.16952,349.4523,90
57.60971,-2.184447,1.279995,-17.16952,349.4523,90
57.71059,-2.184447,1.279995,-17.16952,349.4523,90
57.81507,-2.184447,1.279995,-17.16952,349.4523,90
57.918,-2.184447,1.279995,-17.16952,349.4523,90
58.25631,-2.184447,1.279994,-17.16952,348.1573,72.15202
58.36032,-2.184447,1.279994,-17.16952,348.1573,62.74213
58.48876,-2.184447,1.279994,-17.16952,348.1573,60.20864
58.63066,-2.184447,1.279994,-17.16952,348.1573,46.10719
58.73368,-2.184447,1.279994,-17.16952,353.4381,38.34444
58.86332,-2.184447,1.279994,-17.16952,7.542778,17.18742
58.97126,-2.184447,1.279994,-17.16952,10.38245,12.92792
59.07801,-2.184447,1.279994,-17.16952,12.8008,6.764129
59.19356,-2.184447,1.279994,-17.16952,14.47359,1.4186
59.47598,-2.184447,1.279994,-17.16952,14.47359,1.4186
59.58541,-2.184447,1.279994,-17.16952,14.47359,1.4186
59.69851,-2.184447,1.279994,-17.16952,16.25433,346.2608
60.036,-2.184447,1.279994,-17.16952,343.0094,270
60.14292,-2.184447,1.279994,-17.16952,339.0284,270
60.25523,-2.184447,1.279994,-17.16952,328.6801,273.4158
60.55161,-2.184447,1.279994,-17.16952,276.0483,274.3336
60.65804,-2.184447,1.279994,-17.16952,274.893,274.3336
60.99533,-2.184447,1.279994,-17.16952,165.5293,270
61.09653,-2.184447,1.279994,-17.16952,165.5293,270
61.19821,-2.184447,1.279994,-17.16952,165.5293,270
61.49465,-2.184447,1.279994,-17.16952,145.582,303.2455
61.60726,-2.184447,1.279994,-17.16952,145.582,303.2455
61.709,-2.184447,1.279994,-17.16952,145.582,303.2455
62.04863,-2.184447,1.279994,-17.16952,145.582,322.4689
62.15322,-2.184447,1.279994,-17.16952,145.582,322.4689
62.25571,-2.184447,1.279994,-17.16952,145.582,322.4689
62.64643,-2.184447,1.279994,-17.16952,145.582,322.4689
62.75167,-2.184447,1.279994,-17.16952,145.582,322.4689
62.86545,-2.184447,1.279994,-17.16952,145.582,322.4689
63.23878,-2.184447,1.279994,-17.16952,145.582,322.4689
63.34664,-2.184447,1.279994,-17.16952,145.582,322.4689
63.45662,-2.184447,1.279994,-17.16952,145.582,322.4689
63.76032,-2.184447,1.279994,-17.16952,145.582,322.4689
63.86334,-2.184447,1.279994,-17.16952,145.582,322.4689
63.97072,-2.184447,1.279994,-17.16952,145.582,322.4689
64.08257,-2.184447,1.279994,-17.16952,154.4553,330.4012
64.40812,-2.184447,1.279994,-17.16952,243.6421,90
64.51595,-2.184447,1.279994,-17.16952,243.6421,90
64.62936,-2.184447,1.279994,-17.16952,243.6421,90
64.89861,-2.184447,1.279994,-17.16952,243.6421,90
65.03764,-2.184447,1.279994,-17.16952,243.6421,90
65.36893,-2.184447,1.279994,-17.16952,243.6421,65.11325
65.50567,-2.184447,1.279994,-17.16952,258.294,65.11325
65.61073,-2.184447,1.279994,-17.16952,261.4825,65.11325
65.71311,-2.184447,1.279994,-17.16952,261.4825,65.11325
66.01074,-2.184447,1.279994,-17.16952,309.7835,65.11326
66.12621,-2.184447,1.279994,-17.16952,311.7162,65.11326
66.24332,-2.184447,1.279994,-17.16952,306.7693,48.4884
66.34411,-2.184447,1.279994,-17.16952,306.7693,36.19649
66.64245,-2.184447,1.279994,-17.16952,283.1794,329.1229
66.75938,-2.184447,1.279994,-17.16952,280.5938,309.6975
66.87472,-2.184447,1.279994,-17.16952,278.1505,306.8326
67.22669,-2.184447,1.279994,-17.16952,246.5163,306.8326
67.33247,-2.184447,1.279994,-17.16952,246.5163,306.8326
67.43324,-2.184447,1.279994,-17.16952,245.0382,304.183
67.77513,-2.184447,1.279994,-17.16952,245.0382,351.2653
67.90711,-2.184447,1.279994,-17.16952,245.0382,3.654871
68.03786,-2.184447,1.279994,-17.16952,245.0382,14.7535
68.38737,-2.184447,1.279994,-17.16952,273.2061,85.17331
68.49929,-2.184447,1.279994,-17.16952,273.2061,85.17331
68.62823,-2.184447,1.279994,-17.16952,273.2061,85.17331
68.74515,-2.184447,1.279994,-17.16952,273.2061,85.17331
69.10582,-2.184447,1.279994,-17.16952,273.2061,15.21153
69.25058,-2.184447,1.279994,-17.16952,273.2061,8.626352
69.3766,-2.184447,1.279994,-17.16952,273.2061,5.641486
69.68602,-2.184447,1.279994,-17.16952,273.2061,324.64
69.80002,-2.184447,1.279994,-17.16952,273.2061,324.64
69.90359,-2.184447,1.279994,-17.16952,273.2061,324.64
70.18328,-2.184447,1.279994,-17.16952,273.2061,324.64
70.3131,-2.184447,1.279994,-17.16952,273.2061,324.64
70.41952,-2.184447,1.279994,-17.16952,273.2061,324.64
70.52157,-2.184447,1.279994,-17.16952,273.2061,324.64
70.81149,-2.184447,1.279994,-17.16952,273.2061,324.64
70.91451,-2.184447,1.279994,-17.16952,273.2061,324.64
71.02795,-2.184447,1.279994,-17.16952,273.2061,324.64
71.30368,-2.184447,1.279994,-17.16952,273.2061,343.4243
71.42291,-2.184447,1.279994,-17.16952,273.2061,343.4243
71.53128,-2.184447,1.279994,-17.16952,273.2061,343.4243
71.66346,-2.184447,1.279994,-17.16952,273.2061,346.4017
71.7895,-2.184447,1.279994,-17.16952,273.2061,346.4017
71.90635,-2.184447,1.279994,-17.16952,273.2061,346.4017
72.22554,-2.184447,1.279994,-17.16952,273.2061,346.4017
72.34055,-2.184447,1.279994,-17.16952,273.2061,346.4017
72.46503,-2.184447,1.279994,-17.16952,273.2061,346.4017
72.58095,-2.184447,1.279994,-17.16952,273.2061,346.4017
72.89912,-2.184447,1.279994,-17.16952,273.2061,346.4017
73.02298,-2.184447,1.279994,-17.16952,273.2061,346.4017
73.15962,-2.181285,1.279998,-17.11307,273.2061,346.4017
73.30928,-2.169925,1.279998,-16.91027,273.2061,346.4017
73.43053,-2.16686,1.279998,-16.85555,273.2061,346.4017
73.71983,-2.16686,1.279996,-16.85555,273.2061,346.4017
73.83836,-2.16686,1.279996,-16.85555,273.2061,346.4017
73.97199,-2.16686,1.279996,-16.85555,273.2061,346.4017
74.08235,-2.16686,1.279996,-16.85555,273.2061,346.4017
74.34862,-2.16686,1.279996,-16.85555,273.2061,346.4017
74.48635,-2.230387,1.279998,-16.85199,273.2061,346.4017
74.63873,-2.500821,1.279998,-16.83684,273.2061,346.4017
75.01743,-3.602998,1.279996,-16.77511,273.2061,346.4017
75.12255,-3.911013,1.279998,-16.75785,273.2061,346.4017
75.25209,-4.146621,1.279998,-16.74466,273.2061,346.4017
75.3958,-4.274035,1.279998,-16.73752,273.2061,346.4017
75.76207,-5.258386,1.279996,-16.68238,273.2061,346.4017
75.87658,-5.606812,1.279998,-16.66286,273.2061,346.4017
75.98769,-5.940427,1.279998,-16.64418,273.2061,346.4017
76.10775,-6.297404,1.279998,-16.62418,273.2061,346.4017
76.21709,-6.627381,1.279998,-16.6057,273.2061,346.4017
76.5565,-7.638592,1.279996,-16.54905,273.2061,346.4017
76.67476,-7.998188,1.279998,-16.52891,273.2061,346.4017
76.77663,-8.304721,1.279998,-16.51174,273.2061,346.4017
77.09688,-9.25471,1.279996,-16.45853,273.2061,346.4017
77.22453,-9.645416,1.279998,-16.43664,273.2061,346.4017
77.32718,-9.952328,1.279998,-16.41945,273.2061,346.4017
77.70321,-11.06696,1.279996,-16.35702,273.2061,346.4017
77.80418,-11.38102,1.279998,-16.33942,273.2061,346.4017
77.93001,-11.75691,1.279998,-16.31837,273.2061,346.4017
78.05093,-12.07139,1.279998,-16.30075,273.2061,346.4017
78.15747,-12.24206,1.279998,-16.29119,273.2061,346.4017
78.56147,-12.30816,1.279996,-16.28749,273.2061,346.4017
78.67418,-12.30816,1.279996,-16.28749,273.2061,346.4017
78.80227,-12.36393,1.279998,-16.28437,273.2061,346.4017
79.14931,-13.2666,1.279996,-16.2338,273.2061,346.4017
79.28104,-13.62914,1.279998,-16.2135,273.2061,346.4017
79.39564,-13.82266,1.279998,-16.20266,273.2061,346.4017
79.7162,-13.86597,1.279996,-16.20023,273.2061,346.4017
79.82555,-13.86597,1.279996,-16.20023,273.2061,346.4017
79.93662,-13.86597,1.279996,-16.20023,273.2061,346.4017
80.04732,-13.86597,1.279996,-16.20023,273.2061,346.4017
80.15064,-13.86597,1.279996,-16.20023,273.2061,346.4017
80.44832,-13.88541,1.279996,-16.19914,273.2061,346.4017
80.56118,-13.88541,1.279996,-16.19914,273.2061,346.4017
80.67012,-13.88541,1.279996,-16.19914,273.2061,346.4017
80.78935,-13.88541,1.279996,-16.19914,273.2061,346.4017
80.89864,-13.88541,1.279996,-16.19914,273.2061,346.4017
81.21351,-13.88541,1.279996,-16.19914,273.2061,346.4017
81.34071,-13.88541,1.279996,-16.19914,273.2061,346.4017
81.46059,-13.88541,1.279996,-16.19914,273.2061,346.4017
81.56345,-13.88541,1.279996,-16.19914,273.2061,346.4017
81.84311,-13.88541,1.279996,-16.19914,273.2061,346.4017
81.95689,-13.88541,1.279996,-16.19914,276.5727,346.4017
82.05907,-13.88541,1.279996,-16.19914,280.2848,346.4017
82.18368,-13.88541,1.279996,-16.19914,285.0727,346.4017
82.28439,-13.88541,1.279996,-16.19914,285.0727,346.4017
82.41203,-13.88541,1.279996,-16.19914,289.216,346.4017
82.52868,-13.88541,1.279996,-16.19914,292.5441,348.3986
82.86253,-13.88541,1.279996,-16.19914,292.5441,348.3986
82.98353,-13.88541,1.279996,-16.19914,294.8805,348.3986
83.09763,-13.88541,1.279996,-16.19914,294.8805,348.3986
83.46456,-13.88541,1.279996,-16.19914,337.2552,348.3986
83.58887,-13.88541,1.279996,-16.19914,337.2552,348.3986
83.71066,-13.88541,1.279996,-16.19914,337.2552,348.3986
84.05288,-13.88541,1.279996,-16.19914,337.2552,348.3986
84.16843,-13.88541,1.279996,-16.19914,337.2552,348.3986
84.29053,-13.88541,1.279996,-16.19914,337.2552,348.3986
84.39938,-13.88541,1.279996,-16.19914,337.2552,348.3986
84.6866,-13.88541,1.279996,-16.19914,337.2552,348.3986
84.79738,-13.89578,1.279998,-16.20349,337.2552,348.3986
84.90213,-13.98725,1.279998,-16.24184,337.2552,348.3986
85.21388,-14.05377,1.279996,-16.26972,337.2552,348.3986
85.33353,-14.05377,1.279996,-16.26972,337.2552,348.3986
85.45316,-14.05377,1.279996,-16.26972,337.2552,348.3986
85.5655,-14.05377,1.279996,-16.26972,337.2552,348.3986
85.85447,-14.05377,1.279996,-16.26972,337.2552,348.3986
85.95517,-14.05377,1.279996,-16.26972,337.2552,348.3986
86.06631,-14.05377,1.279996,-16.26972,337.2552,348.3986
86.18238,-14.05377,1.279996,-16.26972,337.2552,348.3986
86.28745,-14.08857,1.279998,-16.28431,337.2552,348.3986
86.39005,-14.21099,1.279998,-16.33563,337.2552,348.3986
86.68861,-15.0025,1.279996,-16.66746,337.2552,348.3986
86.806,-15.28679,1.279998,-16.78664,337.2552,348.3986
86.9224,-15.45171,1.279998,-16.85578,337.2552,348.3986
87.02669,-15.50515,1.279998,-16.87819,337.2552,348.3986
87.15431,-15.50515,1.279998,-16.87819,337.2552,348.3986
87.27391,-15.50515,1.279998,-16.87819,337.2552,348.3986
87.59634,-15.50515,1.279996,-16.87819,337.2552,348.3986
87.70596,-15.50515,1.279996,-16.87819,337.2552,348.3986
87.81965,-15.50515,1.279996,-16.87819,337.2552,348.3986
88.14865,-15.73121,1.279996,-16.33897,337.2552,348.3986
88.2689,-15.86713,1.279998,-16.01476,337.2552,348.3986
88.4037,-16.00578,1.279998,-15.68404,337.2552,348.3986
88.51845,-16.00789,1.279998,-15.45229,337.2552,348.3986
88.6447,-16.03605,1.279998,-15.10966,337.2552,348.3986
88.78027,-16.04087,1.279998,-14.73521,337.2552,348.3986
88.89419,-16.04164,1.279998,-14.39891,337.2552,348.3986
89.01227,-16.04164,1.279999,-14.09992,337.2552,348.3986
89.12251,-16.04164,1.279999,-13.77086,337.2552,348.3986
89.24842,-16.04164,1.279999,-13.51937,337.2552,348.3986
89.35985,-16.03629,1.279999,-13.40837,337.2552,348.3986
89.49903,-16.03629,1.279999,-13.39103,337.2552,348.3986
89.63805,-16.01846,1.279999,-13.38356,337.2552,348.3986
89.75352,-15.85062,1.279998,-13.3132,337.2552,348.3986
89.98513,-15.85062,1.279996,-13.3132,337.2552,348.3986
90.10158,-15.85062,1.279996,-13.3132,337.2552,348.3986
90.20202,-15.85062,1.279996,-13.3132,337.2552,348.3986
90.32488,-15.85062,1.279996,-13.3132,337.2552,348.3986
90.43505,-15.85062,1.279996,-13.3132,337.2552,348.3986
90.53745,-15.85062,1.279996,-13.3132,337.2552,348.3986
90.64728,-15.86123,1.279998,-13.28788,337.2552,348.3986
90.95602,-16.02487,1.279997,-12.6168,337.2552,348.3986
91.06951,-16.0302,1.279999,-12.28835,337.2552,348.3986
91.17033,-16.0302,1.279999,-11.97045,337.2552,348.3986
91.30886,-16.0302,1.279999,-11.60353,337.2552,348.3986
91.42346,-16.0302,1.279999,-11.29206,337.2552,348.3986
91.53888,-16.0302,1.279999,-10.96622,337.2552,348.3986
91.65914,-16.0302,1.279999,-10.6579,337.2552,348.3986
91.77434,-16.0302,1.279999,-10.4742,337.2552,348.3986
91.91843,-16.0302,1.279999,-10.39987,337.2552,348.3986
92.0517,-16.0302,1.279999,-10.39987,337.2552,348.3986
92.35705,-16.0302,1.279997,-10.39987,337.2552,348.3986
92.468,-16.0302,1.279997,-10.39987,337.2552,348.3986
92.58147,-16.0302,1.279997,-10.39987,337.2552,348.3986
92.68609,-16.0302,1.279997,-10.39987,337.2552,348.3986
92.79101,-16.0302,1.279997,-10.39987,337.2552,348.3986
92.92609,-16.02839,1.279999,-10.29479,337.2552,348.3986
93.06595,-16.02839,1.279999,-10.03362,337.2552,348.3986
93.24585,-16.02839,1.279997,-9.893729,337.2552,348.3986
93.34958,-16.02839,1.279999,-9.87522,337.2552,348.3986
93.47938,-16.02839,1.279999,-9.87522,337.2552,348.3986
93.76663,-16.02839,1.279997,-9.87522,337.2552,348.3986
93.88713,-16.02839,1.279997,-9.87522,337.2552,348.3986
94.03408,-16.02839,1.279999,-9.857001,337.2552,348.3986
94.15975,-16.02858,1.279999,-9.763295,337.2552,348.3986
94.29727,-16.02858,1.279999,-9.763295,337.2552,348.3986
94.41993,-16.02858,1.279999,-9.763295,337.2552,348.3986
94.54927,-16.02858,1.279999,-9.763295,337.2552,348.3986
94.67458,-16.02858,1.279999,-9.763295,337.2552,348.3986
94.80093,-16.02858,1.279999,-9.763295,337.2552,348.3986
94.90918,-16.02868,1.279999,-9.735735,337.2552,348.3986
95.01027,-16.06075,1.279999,-9.604774,337.2552,348.3986
95.12497,-16.18056,1.279999,-9.318976,337.2552,348.3986
95.39134,-16.3144,1.279997,-8.999715,337.2552,348.3986
95.5034,-16.32862,1.279999,-8.965805,337.2552,348.3986
95.61929,-16.32862,1.279999,-8.965805,337.2552,348.3986
95.72498,-16.32862,1.279999,-8.965805,337.2552,348.3986
95.82619,-16.32862,1.279999,-8.965805,337.2552,348.3986
96.22549,-16.32862,1.279999,-8.965805,337.2552,348.3986
96.32915,-16.32862,1.279999,-8.965805,337.2552,348.3986
96.43956,-16.32862,1.279999,-8.965805,337.2552,348.3986
96.54507,-16.32862,1.279999,-8.965805,337.2552,348.3986
96.64569,-16.32862,1.279999,-8.965805,318.8055,354.5485
96.76553,-16.32862,1.279999,-8.965805,294.3348,359.0758
97.08331,-16.32862,1.279999,-8.965805,291.876,69.99165
97.19978,-16.32862,1.279999,-8.965805,284.4827,69.99165
97.30672,-16.32862,1.279999,-8.965805,278.1669,69.99165
97.43227,-16.32862,1.279999,-8.965805,271.5789,66.09504
97.53994,-16.32862,1.279999,-8.965805,256.7768,64.55569
97.85062,-16.32862,1.279997,-8.965805,290.6343,64.55569
97.95416,-16.32862,1.279997,-8.965805,285.4341,64.55569
98.07338,-16.32862,1.279997,-8.965805,275.0462,64.55569
98.18694,-16.32862,1.279997,-8.965805,275.0462,64.55569
98.29455,-16.32862,1.279997,-8.965805,275.0462,64.55569
98.59638,-16.32862,1.279995,-8.965805,234.3867,270
98.70438,-16.32862,1.279995,-8.965805,226.6947,270
98.8106,-16.32862,1.279995,-8.965805,222.5988,270
99.11265,-16.32862,1.279995,-8.965805,19.92838,270
99.21315,-16.32862,1.279995,-8.965805,19.0815,270
99.32296,-16.32862,1.279995,-8.965805,19.0815,270
99.69553,-16.32862,1.279995,-8.965805,19.0815,270
99.806,-16.32862,1.279995,-8.965805,19.0815,270
99.90707,-16.32862,1.279995,-8.965805,19.0815,270
100.2459,-16.32862,1.279995,-8.965805,19.0815,270
100.3461,-16.32862,1.279995,-8.965805,19.0815,270
100.454,-16.32862,1.279995,-8.965805,19.0815,270
100.7469,-16.32862,1.279995,-8.965805,38.50366,270
100.8509,-16.32862,1.279995,-8.965805,39.70667,270
100.959,-16.32862,1.279995,-8.965805,40.88139,270
101.0704,-16.32862,1.279995,-8.965805,43.69297,270
101.49,-16.32862,1.279995,-8.965805,102.7645,270
101.5945,-16.32862,1.279995,-8.965805,104.1569,270.0198
101.6971,-16.32862,1.279995,-8.965805,105.0271,270
102.0482,-16.32862,1.279995,-8.965805,170.5062,270
102.1586,-16.32862,1.279995,-8.965805,170.5062,270
102.2616,-16.32862,1.279995,-8.965805,171.7293,298.7443
102.5267,-16.32862,1.279995,-8.965805,276.6219,89.98022
102.6492,-16.32862,1.279995,-8.965805,279.656,90
102.7709,-16.32862,1.279995,-8.965805,279.656,90
103.0768,-16.32862,1.279995,-8.965805,279.656,90
103.1867,-16.32862,1.279995,-8.965805,279.656,90
103.306,-16.32862,1.279995,-8.965805,279.656,90
103.4296,-16.32862,1.279995,-8.965805,279.656,90
103.5533,-16.32862,1.279995,-8.965805,279.656,90
103.6801,-16.32862,1.279995,-8.965805,279.656,90
103.8052,-16.32862,1.279995,-8.965805,279.656,88.01259
104.1603,-16.32862,1.279995,-8.965805,279.656,270
104.2607,-16.32862,1.279995,-8.965805,279.656,270
104.6292,-16.32862,1.279995,-8.965805,279.656,270
104.7338,-16.32862,1.279995,-8.965805,279.656,270
104.8361,-16.32862,1.279995,-8.965805,279.656,270
105.099,-16.32862,1.279995,-8.965805,279.656,270
105.2049,-16.32862,1.279995,-8.965805,279.656,270
105.3162,-16.32862,1.279995,-8.965805,279.656,270
105.649,-16.32862,1.279995,-8.965805,279.656,43.83231
105.7678,-16.32862,1.279995,-8.965805,279.656,48.25093
105.8704,-16.32862,1.279995,-8.965805,279.656,48.25093
105.979,-16.32862,1.279995,-8.965805,279.656,50.84021
106.0915,-16.32862,1.279995,-8.965805,279.656,50.84021
106.2024,-16.32862,1.279995,-8.965805,279.656,50.84021
106.4902,-16.32862,1.279995,-8.965805,279.656,50.84021
106.599,-16.32862,1.279995,-8.965805,279.656,50.84021
106.7072,-16.32862,1.279995,-8.965805,279.656,50.84021
106.8232,-16.32862,1.279995,-8.965805,279.656,50.84021
107.1274,-16.32862,1.279995,-8.965805,279.656,50.84021
107.2398,-16.32862,1.279995,-8.965805,279.656,50.84021
107.3474,-16.32862,1.279995,-8.965805,279.656,50.84021
107.4485,-16.32862,1.279995,-8.965805,238.038,343.7851
107.7769,-16.32862,1.279995,-8.965805,33.16249,270
107.8796,-16.32862,1.279995,-8.965805,33.91274,270
107.9814,-16.32862,1.279995,-8.965805,35.01123,270
108.337,-16.32862,1.279995,-8.965805,63.54187,270
108.4497,-16.32862,1.279995,-8.965805,63.54187,270
108.5554,-16.32862,1.279995,-8.965805,63.54187,270
108.8743,-16.32862,1.279995,-8.965805,63.54187,270
