(-4.5, 1.0, -8.2),0.6228694
(-4.7, 1.4, -8.2),0.6497874
(-4.2, 1.3, -8.2),0.6923338
(-4.9, 1.1, -8.2),0.5578941
(-3.9, 0.9, -8.2),0.6286914
(-4.2, 1.3, -8.2),0.6925629
(-4.3, 1.2, -8.2),0.6805438
(-4.2, 1.2, -8.2),0.6857648
(-4.6, 1.2, -8.2),0.6557156
(-4.5, 1.4, -8.2),0.6623189
(-5.0, 1.6, -8.2),0.5010852
(-4.3, 1.0, -8.2),0.6378054
(-3.8, 1.2, -8.2),0.6974335
(-4.9, 1.1, -8.2),0.5528312
(-4.8, 0.9, -8.2),0.5321416
(-4.3, 0.8, -8.2),0.590873
(-4.1, 1.3, -8.2),0.695311
(-4.5, 1.5, -8.2),0.6638588
(-4.5, 1.7, -8.2),0.5914221
(-4.3, 1.4, -8.2),0.6852921
(-4.6, 1.3, -8.2),0.6711148
(-4.6, 1.4, -8.2),0.6523253
(-4.6, 1.4, -8.2),0.6548523
(-4.6, 1.4, -8.2),0.6683475
(-4.6, 1.2, -8.2),0.6622101
(-5.1, 1.2, -8.2),0.5111737
(-4.1, 1.0, -8.2),0.6505067
(-4.6, 1.6, -8.2),0.6194157
(-4.9, 1.1, -8.2),0.5320392
(-4.6, 1.0, -8.2),0.6209114
(-4.7, 1.4, -8.2),0.6362351
(-5.2, 1.3, -8.2),0.4827365
(-4.9, 1.4, -8.2),0.5895762
(-4.3, 1.0, -8.2),0.6354446
(-4.6, 1.3, -8.2),0.6576427
(-4.7, 1.2, -8.2),0.6208072
(-5.0, 1.6, -8.2),0.4939767
(-4.4, 1.4, -8.2),0.6860141
(-4.6, 1.1, -8.2),0.6431554
(-4.7, 1.6, -8.2),0.5865497
(-4.1, 1.6, -8.2),0.6585529
(-4.9, 1.3, -8.2),0.5831789
(-5.2, 1.3, -8.2),0.4644065
(-4.5, 1.4, -8.2),0.6747641
(-4.1, 1.2, -8.2),0.683998
(-4.3, 1.2, -8.2),0.6884356
(-4.7, 1.2, -8.2),0.6406687
(-4.4, 1.3, -8.2),0.6835023
(-5.2, 1.0, -8.2),0.4530714
(-4.3, 1.3, -8.2),0.6915576
(-4.6, 1.5, -8.2),0.6332163
(-4.6, 1.6, -8.2),0.6163557
(-4.7, 1.0, -8.2),0.5774363
(-4.7, 1.4, -8.2),0.647992
(-4.8, 1.6, -8.2),0.5723063
(-4.4, 1.0, -8.2),0.6400092
(-4.2, 1.6, -8.2),0.6608118
(-4.4, 0.8, -8.2),0.5649819
(-4.6, 1.3, -8.2),0.6699392
(-4.7, 1.4, -8.2),0.6219425
(-5.0, 0.9, -8.2),0.4690205
(-3.9, 1.4, -8.2),0.6944076
(-4.6, 1.5, -8.2),0.6322234
(-3.9, 0.8, -8.2),0.6165984
(-3.7, 1.4, -8.2),0.708165
(-4.7, 1.2, -8.2),0.6177036
(-4.9, 1.3, -8.2),0.5711049
(-4.5, 1.3, -8.2),0.6805043
(-3.9, 1.4, -8.2),0.6993806
(-4.6, 1.3, -8.2),0.6693911
(-4.8, 1.1, -8.2),0.5907824
(-4.8, 1.1, -8.2),0.5702305
(-5.2, 1.7, -8.2),0.4284725
(-5.0, 1.6, -8.2),0.5165926
(-4.4, 1.5, -8.2),0.6549134
(-4.5, 1.5, -8.2),0.6589138
(-4.6, 1.3, -8.2),0.66774
(-4.7, 1.4, -8.2),0.6257668
(-4.7, 1.0, -8.2),0.6018621
(-4.6, 1.4, -8.2),0.6706516
(-4.6, 0.8, -8.2),0.5455245
(-5.2, 1.3, -8.2),0.4827718
(-4.2, 1.3, -8.2),0.6934158
(-4.9, 1.4, -8.2),0.5664433
(-4.8, 1.3, -8.2),0.6169846
(-3.8, 1.0, -8.2),0.6757534
(-4.7, 1.3, -8.2),0.6312454
(-5.2, 1.0, -8.2),0.4164757
(-5.0, 1.3, -8.2),0.5393456
(-4.9, 1.2, -8.2),0.588076
(-4.9, 1.7, -8.2),0.5057508
(-4.6, 1.1, -8.2),0.6290274
(-5.1, 1.0, -8.2),0.4929488
(-4.5, 1.6, -8.2),0.6221144
(-4.8, 1.6, -8.2),0.5728239
(-3.8, 1.2, -8.2),0.7034746
(-4.7, 1.6, -8.2),0.5883115
(-5.1, 1.3, -8.2),0.4988113
(-4.8, 1.7, -8.2),0.5543515
(-4.4, 1.3, -8.2),0.6867371
(-4.6, 1.3, -8.2),0.6633068
(-4.1, 1.3, -8.2),0.6949503
(-4.1, 1.2, -8.2),0.6854483
(-5.0, 1.3, -8.2),0.552867
(-4.8, 1.6, -8.2),0.5629489
(-4.1, 1.0, -8.2),0.6565623
(-4.8, 1.4, -8.2),0.5984014
(-5.0, 1.4, -8.2),0.538201
(-4.1, 1.2, -8.2),0.6905344
(-5.1, 0.8, -8.2),0.4351167
(-4.3, 1.3, -8.2),0.6890933
(-4.3, 1.3, -8.2),0.6890731
(-4.4, 1.1, -8.2),0.6634351
(-4.6, 1.3, -8.2),0.6710103
(-4.6, 1.2, -8.2),0.6475357
(-5.0, 1.2, -8.2),0.540544
(-4.8, 1.3, -8.2),0.6042436
(-5.0, 1.5, -8.2),0.5183409
(-4.7, 1.8, -8.2),0.554768
(-4.6, 1.6, -8.2),0.6083383
(-4.4, 1.6, -8.2),0.6326096
(-4.7, 0.9, -8.2),0.5487284
(-4.5, 1.1, -8.2),0.6404409
(-4.3, 1.6, -8.2),0.6469682
(-5.2, 1.0, -8.2),0.4434477
(-4.5, 1.4, -8.2),0.6640813
(-4.5, 1.1, -8.2),0.659962
(-4.4, 1.1, -8.2),0.6689042
(-4.2, 1.4, -8.2),0.6921799
(-4.8, 1.5, -8.2),0.603233
(-4.1, 1.4, -8.2),0.6920216
(-4.8, 1.2, -8.2),0.5928349
(-4.3, 1.6, -8.2),0.6405696
(-4.4, 1.3, -8.2),0.6835399
(-4.5, 1.6, -8.2),0.6217993
(-4.4, 1.4, -8.2),0.683457
(-4.8, 1.7, -8.2),0.5459105
(-3.8, 1.5, -8.2),0.6945485
(-5.2, 1.3, -8.2),0.4762338
(-4.5, 1.3, -8.2),0.6779909
(-4.7, 1.5, -8.2),0.6140748
(-5.1, 1.7, -8.2),0.4532736
(-5.3, 1.4, -8.2),0.4187333
(-4.5, 1.1, -8.2),0.6479376
(-5.1, 1.2, -8.2),0.5012294
(-4.7, 1.2, -8.2),0.6189796
(-4.0, 1.3, -8.2),0.6967761
(-5.2, 1.5, -8.2),0.4442908
(-5.1, 1.2, -8.2),0.507319
(-4.9, 1.4, -8.2),0.5734977
(-4.5, 1.6, -8.2),0.6444444
(-4.9, 1.3, -8.2),0.5804439
(-4.2, 1.6, -8.2),0.6650148
(-4.9, 0.9, -8.2),0.5219643
(-4.6, 1.7, -8.2),0.5817368
(-5.1, 1.4, -8.2),0.5004133
(-4.4, 1.2, -8.2),0.6754314
(-4.9, 1.5, -8.2),0.5510131
(-4.9, 1.7, -8.2),0.5165673
(-4.6, 1.4, -8.2),0.6612754
(-4.6, 1.3, -8.2),0.6660894
(-4.9, 1.3, -8.2),0.5839591
(-4.6, 1.7, -8.2),0.591495
(-4.3, 1.1, -8.2),0.6677072
(-4.6, 1.5, -8.2),0.6578113
(-4.0, 1.1, -8.2),0.6823352
(-4.6, 1.4, -8.2),0.6667385
(-4.7, 1.1, -8.2),0.6165007
(-4.8, 1.3, -8.2),0.6209471
(-4.0, 1.4, -8.2),0.6899018
(-4.5, 1.4, -8.2),0.6795322
(-5.0, 1.5, -8.2),0.5299827
(-4.7, 1.3, -8.2),0.6308479
(-4.9, 1.5, -8.2),0.5789164
(-4.6, 1.4, -8.2),0.6534399
(-4.7, 1.4, -8.2),0.6398369
(-4.6, 1.3, -8.2),0.6612474
(-4.8, 1.3, -8.2),0.616824
(-5.2, 0.9, -8.2),0.4365318
(-4.2, 1.6, -8.2),0.6623445
(-4.6, 1.3, -8.2),0.6696562
(-4.8, 0.8, -8.2),0.5241476
(-5.1, 1.7, -8.2),0.4566746
(-4.0, 1.2, -8.2),0.6893431
(-5.0, 1.1, -8.2),0.5180246
(-4.3, 1.3, -8.2),0.6867685
(-4.6, 1.6, -8.2),0.6216753
(-4.6, 1.4, -8.2),0.6644509
(-4.9, 1.7, -8.2),0.5159
(-4.1, 1.1, -8.2),0.6803329
(-4.6, 0.9, -8.2),0.5797101
(-4.6, 1.1, -8.2),0.6245819
(-3.9, 1.3, -8.2),0.7039777
(-4.6, 1.1, -8.2),0.6356763
(-4.1, 1.0, -8.2),0.6515899
(-3.9, 1.3, -8.2),0.6997439
(-4.3, 1.2, -8.2),0.683893
(-5.5, 1.4, -8.2),0.3689126
(-4.4, 1.2, -8.2),0.6781886
(-4.8, 1.2, -8.2),0.6102337
(-4.6, 1.4, -8.2),0.6643695
(-4.5, 1.3, -8.2),0.6741982
(-4.6, 1.3, -8.2),0.6609755
(-4.6, 1.4, -8.2),0.6684496
(-4.6, 0.8, -8.2),0.5457313
(-4.1, 1.4, -8.2),0.6945071
(-5.1, 1.3, -8.2),0.522445
(-4.8, 1.0, -8.2),0.5527943
(-4.6, 1.5, -8.2),0.649878
(-5.4, 1.4, -8.2),0.4078412
(-4.8, 1.3, -8.2),0.6050451
(-3.8, 1.3, -8.2),0.7079408
(-4.6, 1.6, -8.2),0.6143871
(-4.4, 0.9, -8.2),0.6052726
(-4.0, 1.3, -8.2),0.6988744
(-4.3, 1.5, -8.2),0.6735564
(-4.4, 1.2, -8.2),0.6711579
(-4.7, 1.0, -8.2),0.5972707
(-4.6, 1.3, -8.2),0.6669916
(-4.5, 1.3, -8.2),0.673356
(-5.4, 0.9, -8.2),0.3703643
(-3.7, 1.2, -8.2),0.7046747
(-4.7, 1.2, -8.2),0.6341054
(-4.7, 1.7, -8.2),0.5835105
(-4.7, 1.8, -8.2),0.5194167
(-5.0, 1.5, -8.2),0.5330487
(-5.0, 1.2, -8.2),0.5265226
(-4.0, 0.9, -8.2),0.622766
(-5.1, 1.2, -8.2),0.5000266
(-4.0, 1.3, -8.2),0.6979262
(-4.4, 1.3, -8.2),0.6837716
(-5.4, 1.5, -8.2),0.3743903
(-5.0, 1.2, -8.2),0.5297987
(-4.6, 1.3, -8.2),0.6646334
(-4.8, 0.8, -8.2),0.5108252
(-4.4, 1.6, -8.2),0.647244
(-3.8, 1.2, -8.2),0.7064573
(-4.6, 1.5, -8.2),0.6452166
(-5.1, 1.2, -8.2),0.4940656
(-4.4, 1.0, -8.2),0.6322416
(-4.0, 1.1, -8.2),0.6763731
(-3.8, 1.2, -8.2),0.6980996
(-4.8, 0.9, -8.2),0.5430081
(-4.6, 1.2, -8.2),0.657392
(-4.2, 1.4, -8.2),0.691152
(-3.9, 1.3, -8.2),0.7012854
(-4.6, 1.0, -8.2),0.6039862
(-5.2, 1.3, -8.2),0.4831324
(-5.4, 0.9, -8.2),0.3750937
(-5.0, 1.5, -8.2),0.5257943
(-3.8, 1.3, -8.2),0.7047945
(-4.1, 0.9, -8.2),0.612259
(-4.9, 1.3, -8.2),0.5839405
(-4.9, 0.9, -8.2),0.5053914
(-4.6, 1.5, -8.2),0.6423411
(-5.0, 1.5, -8.2),0.5299909
(-4.7, 1.4, -8.2),0.6466357
(-5.2, 1.4, -8.2),0.4699243
(-4.4, 1.4, -8.2),0.6837303
(-4.6, 1.3, -8.2),0.6673076
(-4.3, 1.1, -8.2),0.6713002
(-4.8, 1.5, -8.2),0.611278
(-5.4, 1.1, -8.2),0.4010101
(-4.6, 1.3, -8.2),0.6731029
(-4.4, 1.3, -8.2),0.6865454
(-5.1, 1.2, -8.2),0.5035486
(-4.4, 1.5, -8.2),0.6704463
(-4.5, 1.3, -8.2),0.6748953
(-4.6, 1.1, -8.2),0.6420807
(-4.9, 1.2, -8.2),0.5539538
(-4.5, 1.4, -8.2),0.6699042
(-4.6, 1.3, -8.2),0.6581861
(-4.7, 1.5, -8.2),0.6186817
(-4.6, 1.3, -8.2),0.6694024
(-4.1, 1.3, -8.2),0.6956388
(-4.5, 1.1, -8.2),0.6438286
(-5.1, 1.6, -8.2),0.4808597
(-5.1, 1.3, -8.2),0.515681
(-4.7, 1.5, -8.2),0.6170014
(-5.2, 1.2, -8.2),0.4743944
(-4.8, 1.3, -8.2),0.603275
(-4.6, 1.0, -8.2),0.5983445
(-4.7, 1.5, -8.2),0.6224439
(-5.2, 1.3, -8.2),0.4727518
(-4.0, 1.4, -8.2),0.6898924
(-4.9, 1.1, -8.2),0.5725794
(-4.6, 1.4, -8.2),0.6617382
(-4.6, 1.3, -8.2),0.6554361
(-4.6, 1.4, -8.2),0.6597272
(-4.9, 1.1, -8.2),0.5712515
(-3.8, 1.4, -8.2),0.7035508
(-4.1, 1.2, -8.2),0.6917353
(-4.1, 0.9, -8.2),0.6359847
(-5.4, 1.1, -8.2),0.3898214
(-4.6, 1.4, -8.2),0.661926
(-3.8, 1.1, -8.2),0.6904164
(-4.8, 1.8, -8.2),0.5356798
(-5.0, 1.2, -8.2),0.542724
(-4.1, 0.9, -8.2),0.6207214
(-4.7, 1.5, -8.2),0.6195859
(-4.5, 1.2, -8.2),0.6709994
(-4.0, 1.5, -8.2),0.6851408
(-5.1, 1.3, -8.2),0.5073985
(-5.5, 1.2, -8.2),0.3553766
(-4.7, 1.4, -8.2),0.6461374
(-5.3, 1.2, -8.2),0.4224724
(-4.8, 1.3, -8.2),0.6202758
(-4.7, 1.1, -8.2),0.6255463
(-4.4, 1.1, -8.2),0.6535309
(-4.5, 1.4, -8.2),0.672774
(-4.6, 1.0, -8.2),0.5960224
(-4.7, 1.2, -8.2),0.6501166
(-4.6, 1.3, -8.2),0.6589018
(-4.6, 1.3, -8.2),0.6685048
(-5.2, 1.5, -8.2),0.4691768
(-4.8, 1.0, -8.2),0.5600644
(-4.3, 1.4, -8.2),0.6818976
(-4.4, 1.5, -8.2),0.6625316
(-5.3, 1.1, -8.2),0.4104218
(-4.7, 1.2, -8.2),0.6434309
(-4.8, 1.7, -8.2),0.5501893
(-4.8, 1.3, -8.2),0.5988495
(-4.2, 1.5, -8.2),0.6771776
(-4.4, 1.3, -8.2),0.6849165
(-4.7, 1.2, -8.2),0.6349326
(-4.6, 1.3, -8.2),0.6624436
(-5.2, 1.4, -8.2),0.4746529
(-4.2, 1.6, -8.2),0.6526048
(-4.7, 1.3, -8.2),0.646654
(-4.7, 1.4, -8.2),0.6532196
(-4.6, 1.5, -8.2),0.6364105
(-4.9, 1.4, -8.2),0.5885101
(-4.5, 1.7, -8.2),0.6178349
(-4.2, 1.3, -8.2),0.6946911
(-4.6, 1.1, -8.2),0.6496731
(-5.0, 1.2, -8.2),0.5200199
(-4.7, 1.2, -8.2),0.6371388
(-4.8, 1.2, -8.2),0.594533
(-4.5, 1.2, -8.2),0.6642619
(-4.7, 1.4, -8.2),0.6414053
(-3.6, 1.3, -8.2),0.7136055
(-4.5, 1.3, -8.2),0.6781448
(-5.0, 1.3, -8.2),0.5497284
(-4.5, 1.6, -8.2),0.6324359
(-3.9, 1.5, -8.2),0.6824265
(-4.8, 1.1, -8.2),0.6000151
(-4.1, 1.2, -8.2),0.6838766
(-4.9, 1.7, -8.2),0.5410849
(-4.6, 1.3, -8.2),0.6598815
(-4.2, 1.2, -8.2),0.684175
(-4.5, 1.6, -8.2),0.6233186
(-4.1, 1.5, -8.2),0.6843861
(-4.2, 1.3, -8.2),0.6927502
(-3.8, 1.2, -8.2),0.702508
(-4.4, 0.9, -8.2),0.6043033
(-4.5, 1.3, -8.2),0.6815198
(-4.1, 1.6, -8.2),0.6637743
(-4.5, 1.3, -8.2),0.6820939
(-4.3, 1.3, -8.2),0.6893755
(-3.8, 1.5, -8.2),0.6940252
(-4.0, 1.2, -8.2),0.6958162
(-3.7, 1.1, -8.2),0.69379
(-4.3, 1.3, -8.2),0.6896301
(-4.5, 1.3, -8.2),0.6815591
(-4.2, 1.4, -8.2),0.689114
(-4.2, 1.4, -8.2),0.6876082
(-3.8, 1.3, -8.2),0.7048338
(-4.6, 1.4, -8.2),0.6484525
(-3.4, 1.7, -8.2),0.6778951
(-3.7, 1.4, -8.2),0.7055664
(-3.8, 1.3, -8.2),0.7053884
(-4.0, 1.4, -8.2),0.6964643
(-4.0, 1.3, -8.2),0.6982242
(-3.1, 1.4, -8.2),0.7510256
(-3.9, 1.2, -8.2),0.6959233
(-3.6, 1.4, -8.2),0.7127528
(-3.9, 1.2, -8.2),0.6975806
(-3.7, 1.3, -8.2),0.7093086
(-3.2, 1.7, -8.2),0.7000561
(-3.5, 1.5, -8.2),0.7094242
(-3.4, 1.8, -8.2),0.6549494
(-3.3, 1.4, -8.2),0.737953
(-3.1, 1.8, -8.2),0.6731134
(-3.9, 1.6, -8.2),0.672486
(-3.5, 1.6, -8.2),0.6882451
(-3.1, 1.8, -8.2),0.6701598
(-3.0, 1.4, -8.2),0.7499457
(-3.2, 1.0, -8.2),0.7109113
(-2.9, 1.7, -8.2),0.681497
(-3.7, 1.2, -8.2),0.7094801
(-2.9, 1.8, -8.2),0.6482795
(-2.9, 1.3, -8.2),0.750069
(-2.8, 1.4, -8.2),0.7310487
(-3.0, 1.1, -8.2),0.7236322
(-3.4, 1.1, -8.2),0.7169533
(-3.5, 1.6, -8.2),0.6925373
(-3.1, 1.4, -8.2),0.758925
(-2.8, 1.1, -8.2),0.7137447
(-2.9, 1.3, -8.2),0.7430479
(-2.1, 1.3, -8.1),0.5759134
(-2.8, 0.9, -8.2),0.6556723
(-3.5, 1.0, -8.2),0.6781591
(-2.9, 1.5, -8.2),0.7285863
(-3.3, 1.3, -8.2),0.7469291
(-3.0, 1.1, -8.2),0.7263185
(-2.8, 1.3, -8.1),0.7346271
(-3.2, 1.4, -8.2),0.7506705
(-2.8, 1.2, -8.2),0.7366506
(-3.0, 1.2, -8.2),0.7472867
(-3.1, 1.2, -8.2),0.7552776
(-2.8, 1.6, -8.2),0.6966031
(-2.9, 1.3, -8.2),0.7542849
(-2.8, 1.3, -8.2),0.7341131
(-2.0, 1.3, -8.2),0.5628999
(-1.8, 1.5, -8.2),0.4766856
(-2.0, 1.2, -8.2),0.5548769
(-3.2, 1.5, -8.2),0.7389876
(-3.0, 1.3, -8.2),0.7556548
(-3.0, 1.2, -8.2),0.7547894
(-1.4, 1.1, -2.7),0.01208451
(-1.4, 0.1, -5.9),0.08141834
(-2.8, 1.4, -8.2),0.7316877
(-1.4, 1.8, -4.9),0.04667947
(-3.1, 1.6, -8.2),0.7280636
(-3.0, 1.3, -8.2),0.7571084
(-2.9, 1.2, -8.2),0.7405726
(-2.8, 1.2, -8.2),0.7287123
(-2.9, 1.3, -8.2),0.7537971
(-1.4, 0.7, -5.9),0.09908842
(-2.9, 1.4, -8.2),0.7375847
(-3.1, 1.3, -8.2),0.7601988
(-2.8, 1.1, -8.2),0.7075849
(-3.0, 1.5, -8.2),0.7391585
(-3.2, 1.0, -8.2),0.6981214
(-2.9, 1.3, -8.2),0.7493377
(-3.3, 0.9, -8.2),0.6725599
(-1.5, 1.2, -2.7),0.01200948
(-3.4, 1.2, -8.2),0.736584
(-2.1, 1.5, -8.2),0.5584469
(-2.5, 0.6, -2.7),0.01238202
(-1.5, 0.5, -2.7),0.01113101
(-1.4, 2.3, -2.9),0.01037186
(-3.3, 1.4, -8.2),0.7443436
(-2.9, 1.2, -8.2),0.7421678
(-3.1, 1.2, -8.2),0.7528473
(-1.9, 1.2, -8.2),0.5338925
(-1.8, 1.1, -8.2),0.4932379
(-2.8, 1.3, -8.2),0.7336916
(-2.9, 1.3, -8.2),0.7428052
(-3.2, 1.4, -8.2),0.7446843
(-2.9, 1.4, -8.2),0.7383979
(-2.3, 2.7, -2.6),0.008841863
(-1.9, 1.5, -8.2),0.5158234
(-2.0, 1.4, -8.2),0.5551182
(-3.2, 1.3, -8.2),0.7517718
(-1.5, 2.7, -5.7),0.0712442
(-3.1, 1.5, -8.2),0.7443492
(-2.8, 1.6, -8.2),0.6904511
(-3.5, 1.3, -2.7),0.01196362
(-2.8, 1.2, -8.2),0.7264288
(-2.0, 1.3, -8.2),0.5643519
(-3.4, 1.4, -8.2),0.7331358
(-1.9, 1.2, -8.2),0.5194954
(-2.9, 1.2, -8.2),0.7492891
(-3.0, 1.2, -8.2),0.7491319
(-2.0, 1.8, -8.2),0.4897029
(-2.9, 0.8, -8.2),0.640875
(-3.4, 1.3, -8.2),0.7406255
(-2.8, 1.4, -8.2),0.7347366
(-2.9, 1.1, -8.2),0.7294483
(-2.9, 1.3, -8.2),0.7429252
(-3.0, 1.3, -8.2),0.7579588
(-1.9, 1.3, -8.2),0.5144045
(-3.1, 1.1, -8.2),0.7421662
(-2.8, 1.8, -8.2),0.6508821
(-3.1, 1.3, -8.2),0.7590125
(-3.5, 1.3, -2.7),0.01200824
(-2.8, 1.3, -8.2),0.7298884
(-2.0, 1.6, -8.2),0.5198136
(-1.8, 1.6, -8.2),0.4604786
(-2.9, 1.2, -8.2),0.7376491
(-1.7, 1.3, -8.2),0.4678382
(-2.0, 1.4, -8.2),0.5525641
(-1.9, 1.4, -8.2),0.531949
(-2.9, 1.3, -8.2),0.7420696
(-3.1, 1.3, -8.2),0.7601418
(-2.8, 0.1, -2.6),0.01043512
(-3.2, 1.8, -8.2),0.6709591
(-2.8, 1.1, -8.2),0.7081466
(-3.2, 1.0, -8.2),0.7163025
(-2.8, 1.6, -8.2),0.685895
(-3.3, 1.1, -8.2),0.7153542
(-3.1, 1.5, -8.2),0.7405655
(-2.8, 1.5, -8.1),0.7050382
(-1.5, 0.0, -4.6),0.03242582
(-1.9, 0.9, -8.2),0.4977458
(-3.4, 1.5, -8.2),0.7245315
(-3.3, 1.0, -8.2),0.712798
(-2.9, 1.4, -8.2),0.743115
(-2.8, 1.2, -8.2),0.7245683
(-3.2, 1.1, -8.2),0.7305287
(-2.1, 1.2, -8.1),0.574858
(-2.8, 1.2, -8.2),0.7363244
(-3.0, 1.3, -8.2),0.7554508
(-2.8, 1.3, -8.2),0.7287268
(-2.8, 1.4, -8.2),0.7216564
(-1.4, 0.8, -3.9),0.02242042
(-1.8, 0.0, -2.7),0.01051902
(-5.7, 1.7, -3.1),0.01140392
(-1.4, 0.1, -4.3),0.02539275
(-5.7, 1.7, -3.2),0.01223722
(-5.7, 1.1, -3.7),0.01542027
(-5.7, 1.4, -3.1),0.01135742
(-2.0, 0.1, -8.0),0.3040626
(-3.2, 0.2, -8.0),0.4161564
(-3.0, 0.1, -8.0),0.3837939
(-3.1, 0.0, -8.0),0.3657622
(-5.7, 0.3, -5.2),0.04078745
(-1.5, 2.7, -7.2),0.1853557
(-2.8, 2.6, -8.0),0.4213339
(-2.7, 2.6, -8.0),0.3887832
(-2.8, 2.5, -8.0),0.4253268
(-2.9, 2.4, -8.0),0.4759376
(-3.0, 2.5, -8.0),0.4257356
(-2.9, 2.2, -8.0),0.524424
(-2.8, 2.6, -8.0),0.4091535
(-1.4, 2.7, -6.7),0.1464217
(-3.4, 2.7, -8.0),0.3864801
(-1.5, 2.7, -6.7),0.1465115
(-1.4, 2.7, -6.7),0.1423368
(-1.4, 2.7, -6.6),0.1402523
(-1.4, 2.7, -6.8),0.157991
(-1.5, 2.7, -7.0),0.1718806
(-3.2, 2.5, -8.0),0.4433441
(-3.5, 2.5, -8.0),0.4163158
(-2.6, 2.3, -8.0),0.4711733
(-3.7, 2.5, -8.0),0.4121918
(-2.3, 2.5, -8.0),0.4063496
(-1.7, 2.2, -8.0),0.3463084
(-2.8, 2.1, -8.0),0.5416998
(-2.8, 2.4, -8.0),0.4541206
(-1.6, 2.5, -8.0),0.2846713
(-1.5, 2.7, -7.6),0.2156738
(-2.6, 2.6, -8.0),0.3927243
(-2.0, 2.3, -8.0),0.3968699
(-2.7, 2.1, -8.0),0.5400877
(-2.6, 2.1, -8.0),0.5339177
(-3.1, 2.6, -8.0),0.4182785
(-2.5, 2.0, -8.1),0.5473262
(-3.4, 2.4, -8.0),0.4770576
(-2.6, 2.3, -8.0),0.4869511
(-2.8, 2.4, -8.0),0.4792188
(-2.6, 2.7, -8.0),0.3822249
(-2.3, 2.3, -8.0),0.4270461
(-2.6, 2.0, -8.0),0.5506184
(-2.6, 2.0, -8.2),0.5628145
(-2.3, 2.0, -8.0),0.5008653
(-2.9, 2.3, -8.0),0.4913296
(-2.3, 2.7, -8.0),0.3447843
(-2.4, 2.1, -8.0),0.4947445
(-2.7, 2.6, -8.0),0.4138796
(-2.3, 2.5, -8.0),0.3843353
(-3.5, 2.2, -8.0),0.524964
(-3.0, 2.0, -8.0),0.610313
(-1.5, 2.7, -8.0),0.226741
(-3.5, 2.5, -8.0),0.4190704
(-3.0, 2.6, -8.0),0.4095111
(-1.7, 2.5, -8.0),0.2987575
(-2.7, 2.0, -8.2),0.5676597
(-1.7, 2.2, -8.0),0.3523637
(-2.6, 2.5, -8.0),0.4233178
(-2.5, 2.1, -8.0),0.5203412
(-3.0, 2.1, -8.0),0.5714759
(-2.6, 2.5, -8.0),0.4220296
(-2.4, 2.4, -8.0),0.4390432
(-3.8, 2.6, -8.0),0.3767877
(-2.5, 2.7, -8.0),0.366575
(-2.7, 2.6, -8.0),0.3950879
(-3.5, 2.5, -8.0),0.434803
(-2.6, 2.6, -8.0),0.3918471
(-2.6, 2.4, -8.0),0.4512333
(-2.1, 2.6, -8.0),0.350338
(-2.5, 2.6, -8.0),0.3911235
(-2.5, 2.6, -8.0),0.3817748
(-3.3, 2.1, -8.0),0.5667993
(-2.3, 2.2, -8.0),0.4680745
(-2.6, 2.3, -8.0),0.4674957
(-2.3, 2.6, -8.0),0.3684901
(-2.5, 2.1, -8.0),0.5087124
(-2.2, 2.6, -8.0),0.3452375
(-1.9, 2.0, -8.0),0.4169791
(-2.4, 2.3, -8.0),0.4581501
(-2.7, 2.0, -8.0),0.5724773
(-2.0, 2.4, -8.0),0.3750295
(-2.2, 2.4, -8.0),0.3928725
(-3.4, 2.3, -8.0),0.4885305
(-3.1, 2.2, -8.0),0.5330098
(-2.2, 2.6, -8.0),0.3404408
(-3.2, 2.4, -8.0),0.4539774
(-3.1, 2.3, -8.0),0.5037329
(-2.4, 2.6, -8.0),0.3841448
(-1.8, 2.0, -8.0),0.410131
(-2.2, 2.5, -8.0),0.3725955
(-1.4, 2.1, -8.0),0.3032611
(-2.9, 2.2, -8.0),0.5320852
(-2.6, 2.1, -8.0),0.5479926
(-2.4, 2.0, -8.2),0.5342968
(-3.5, 2.2, -8.0),0.5147514
(-3.5, 2.4, -8.0),0.4638979
(-2.4, 2.4, -8.0),0.4433084
(-3.0, 2.5, -8.0),0.4283915
(-2.4, 2.4, -8.0),0.4324662
(-2.5, 2.3, -8.0),0.4556354
(-3.0, 2.7, -8.0),0.3824241
(-2.8, 1.9, -8.0),0.6122435
(-3.2, 2.7, -8.0),0.3794243
(-2.3, 2.4, -8.0),0.405368
(-2.4, 2.1, -8.0),0.5060355
(-2.7, 2.6, -8.0),0.4137496
(-2.4, 2.0, -8.1),0.5272881
(-2.8, 1.3, -8.0),0.7391075
(-1.6, 1.6, -8.0),0.4092472
(-1.9, 1.3, -8.0),0.5328319
(-1.5, 1.6, -8.0),0.3989343
(-3.0, 1.4, -8.0),0.7622896
(-2.8, 0.8, -8.1),0.6311567
(-2.8, 1.0, -8.0),0.6976918
(-2.8, 0.3, -8.2),0.4413255
(-1.5, 1.3, -17.1),0.8068933
(-2.1, 1.0, -8.2),0.5387881
(-1.7, 0.1, -8.0),0.2698477
(-2.1, 0.6, -8.0),0.4339589
(-3.0, 0.5, -8.0),0.5060911
(-3.5, 0.2, -8.0),0.4170109
(-3.3, 0.7, -8.0),0.5979378
(-3.0, 0.9, -8.0),0.6805535
(-3.6, 0.1, -8.0),0.3811701
(-3.0, 0.8, -8.0),0.6197426
(-4.1, 0.6, -8.0),0.5251829
(-3.6, 0.6, -8.0),0.5404168
(-3.0, 1.1, -8.0),0.7253346
(-3.0, 0.9, -8.0),0.6603727
(-4.3, 0.8, -8.0),0.5812874
(-3.0, 1.0, -8.0),0.70585
(-3.1, 1.3, -8.0),0.7648798
(-3.1, 1.0, -8.0),0.7133098
(-4.1, 0.9, -8.0),0.6210321
(-3.1, 1.0, -8.0),0.6976383
(-3.6, 1.1, -8.0),0.6993059
(-3.0, 0.9, -8.0),0.6786482
(-2.9, 1.5, -8.0),0.7345672
(-3.8, 0.1, -8.0),0.3769607
(-3.0, 0.7, -8.0),0.5838532
(-3.3, 1.0, -8.0),0.6973827
(-3.2, 1.4, -8.0),0.7577888
(-1.4, 1.4, -10.9),0.07964083
(-3.2, 1.0, -8.0),0.7035114
(-3.3, 0.5, -8.0),0.5306973
(-3.2, 1.0, -8.0),0.7204513
(-2.9, 0.6, -8.0),0.5591073
(-3.4, 1.0, -8.0),0.6969122
(-3.0, 1.0, -8.0),0.726202
(-3.0, 1.1, -8.0),0.7446453
(-3.4, 0.9, -8.0),0.6680212
(-2.8, 0.7, -8.0),0.5841694
(-2.9, 0.8, -8.0),0.6400015
(-2.9, 1.1, -8.0),0.7358428
(-3.3, 1.2, -8.0),0.7455223
(-3.1, 0.9, -8.0),0.6892453
(-3.0, 0.9, -8.0),0.6708739
(-2.8, 0.8, -8.1),0.631836
(-3.2, 0.8, -8.0),0.637435
(-3.1, 1.2, -8.0),0.7551488
(-3.0, 1.2, -8.0),0.7599806
(-2.8, 1.1, -8.0),0.7078404
(-3.5, 1.1, -8.0),0.7162927
(-3.0, 1.2, -8.0),0.7621064
(-3.1, 0.8, -8.0),0.6544788
(-3.0, 1.0, -8.0),0.7141877
(-3.9, 0.8, -8.0),0.5950214
(-2.9, 1.2, -8.0),0.7582082
(-3.9, 0.3, -8.0),0.439155
(-3.0, 1.1, -8.0),0.738211
(-2.9, 1.4, -8.0),0.7587909
(-3.6, 1.3, -8.0),0.7201976
(-3.8, 1.2, -8.0),0.6933222
(-4.7, 0.2, -8.0),0.3374271
(-3.1, 0.7, -8.0),0.5845207
(-3.0, 1.1, -8.0),0.7375958
(-2.8, 1.1, -8.0),0.7156545
(-3.0, 1.1, -8.0),0.7303495
(-3.2, 1.0, -8.0),0.7091625
(-3.7, 1.5, -8.0),0.6995631
(-3.3, 1.1, -8.0),0.7306751
(-2.8, 1.2, -8.0),0.7430086
(-2.8, 2.0, -17.1),0.6287639
(-3.4, 1.1, -8.0),0.7261738
(-2.9, 1.3, -8.0),0.7598283
(-2.9, 1.0, -8.0),0.7015648
(-3.1, 1.4, -8.0),0.7628021
(-3.8, 0.9, -8.0),0.6312511
(-3.1, 1.5, -8.0),0.7503251
(-2.9, 1.2, -8.0),0.753971
(-3.0, 1.2, -8.0),0.7513173
(-2.8, 1.2, -8.1),0.726674
(-3.2, 1.3, -8.0),0.760726
(-2.8, 1.7, -8.0),0.6819084
(-2.0, 0.5, -17.1),0.5884994
(-3.3, 0.8, -8.0),0.6405362
(-2.8, 1.2, -8.2),0.7266311
(-3.2, 1.3, -8.0),0.7596105
(-4.5, 1.3, -8.0),0.6673538
(-3.6, 1.2, -8.0),0.7177646
(-4.6, 1.1, -8.0),0.6150811
(-3.2, 1.5, -8.0),0.7378609
(-3.8, 1.2, -8.0),0.6959819
(-3.0, 1.6, -8.0),0.7239883
(-2.9, 1.7, -8.0),0.6860789
(-3.2, 1.4, -8.0),0.7521556
(-2.9, 1.4, -8.0),0.7563221
(-3.1, 1.2, -8.0),0.7578067
(-3.0, 1.4, -8.0),0.7635682
(-3.4, 1.2, -8.0),0.733512
(-3.8, 1.6, -8.0),0.665123
(-2.9, 1.0, -8.0),0.7139829
(-3.8, 1.9, -8.0),0.5864593
(-3.0, 1.2, -8.0),0.7518303
(-2.9, 1.6, -8.0),0.7104623
(-3.6, 1.5, -8.0),0.7088677
(-3.2, 1.6, -8.0),0.7150531
(-2.8, 1.4, -8.0),0.7313741
(-3.0, 1.6, -8.0),0.7072722
(-3.1, 1.7, -8.0),0.6903771
(-3.1, 1.4, -8.0),0.7622974
(-3.3, 1.3, -8.0),0.7459469
(-2.8, 1.3, -8.0),0.7453591
(-4.3, 1.5, -8.0),0.6572844
(-3.3, 1.7, -17.1),0.4994052
(-3.0, 1.0, -8.0),0.7124184
(-4.4, 1.0, -8.0),0.6236628
(-3.2, 1.5, -8.0),0.7395464
(-2.8, 1.5, -8.0),0.7267134
(-3.1, 1.6, -8.0),0.7310382
(-3.1, 1.4, -8.0),0.7576388
(-3.0, 1.4, -8.0),0.7642226
(-3.2, 1.2, -8.0),0.7502675
(-3.2, 1.3, -8.0),0.7582175
(-3.6, 1.2, -8.0),0.706571
(-3.3, 1.0, -8.0),0.6950475
(-3.4, 1.2, -8.0),0.7286075
(-3.3, 1.1, -8.0),0.728198
(-3.1, 1.6, -8.0),0.7168294
(-2.9, 1.3, -8.0),0.7547464
(-3.2, 1.3, -8.0),0.7550024
(-3.4, 0.9, -8.0),0.6831275
(-3.4, 1.5, -8.0),0.7196742
(-3.0, 1.3, -8.0),0.7631423
(-2.9, 1.4, -8.0),0.7521349
(-3.2, 1.3, -8.0),0.7607594
(-4.6, 1.5, -8.0),0.6312866
(-2.8, 1.6, -8.0),0.7105388
(-3.3, 1.5, -8.0),0.7247741
(-3.8, 1.1, -17.1),0.3363738
(-3.3, 1.6, -8.0),0.7105336
(-4.4, 1.9, -8.0),0.552042
(-3.1, 1.3, -8.0),0.7648025
(-3.1, 1.3, -8.0),0.7650706
(-2.4, 2.3, -17.1),0.591589
(-4.0, 1.3, -8.0),0.6904225
(-2.8, 1.6, -8.0),0.6811123
(-3.1, 1.5, -8.0),0.736912
(-3.4, 1.4, -8.0),0.7287772
(-4.9, 1.4, -8.0),0.5519757
(-3.2, 1.3, -8.0),0.756431
(-3.8, 1.3, -8.0),0.7009112
(-4.2, 1.5, -8.0),0.6655535
(-3.3, 1.4, -8.0),0.7532678
(-2.9, 1.2, -8.0),0.7455614
(-3.7, 1.7, -8.0),0.6533003
(-3.1, 1.4, -8.0),0.7608597
(-3.0, 1.6, -8.0),0.7237222
(-3.0, 1.1, -8.0),0.7354834
(-2.9, 1.0, -8.0),0.7019961
(-3.1, 1.6, -8.0),0.7300248
(-2.8, 1.8, -8.0),0.636794
(-3.0, 1.6, -8.0),0.7279091
(-3.4, 0.8, -8.0),0.6306123
(-2.9, 1.5, -8.0),0.7233592
(-3.0, 1.5, -8.0),0.7500893
(-2.8, 1.3, -8.0),0.7471653
(-3.8, 1.5, -8.0),0.6871543
(-3.9, 1.1, -8.0),0.684548
(-3.1, 1.3, -8.0),0.7643631
(-3.1, 1.4, -8.0),0.7577491
(-3.0, 1.6, -8.0),0.7287616
(-4.4, 1.4, -8.0),0.669855
(-3.0, 1.0, -8.0),0.7198779
(-3.4, 0.8, -8.0),0.6446531
(-3.2, 1.6, -8.0),0.7245237
(-3.2, 1.7, -8.0),0.6971977
(-2.9, 1.0, -8.0),0.7142933
(-3.7, 1.3, -8.0),0.7053493
(-2.9, 1.3, -8.0),0.7517854
(-2.8, 1.1, -8.0),0.7014285
(-3.5, 1.5, -8.0),0.7111712
(-2.0, 1.8, -17.1),0.848218
(-3.2, 0.8, -8.0),0.6255804
(-2.9, 1.3, -8.0),0.7602064
(-3.0, 1.3, -8.0),0.7651905
(-3.4, 1.5, -8.0),0.7224044
(-3.5, 1.1, -8.0),0.6919459
(-3.6, 1.4, -8.0),0.7082842
(-2.8, 1.4, -8.0),0.7335305
(-3.4, 1.6, -8.0),0.7087818
(-3.2, 1.3, -8.0),0.7557199
(-3.0, 1.6, -8.0),0.7205117
(-3.0, 1.3, -8.0),0.7637646
(-3.4, 1.4, -8.0),0.7388548
(-3.3, 1.5, -8.0),0.7429459
(-1.9, 1.3, -8.0),0.5463836
(-2.1, 2.5, -17.1),0.5424493
(-2.0, 1.0, -8.0),0.5428139
(-3.2, 1.4, -8.0),0.7496455
(-1.4, 1.8, -9.9),0.1473966
(-3.3, 1.4, -8.0),0.7420008
(-2.9, 1.3, -8.0),0.7580321
(-1.9, 1.2, -8.0),0.5333819
(-3.1, 1.3, -8.0),0.7648228
(-1.9, 1.0, -8.0),0.5113581
(-1.5, 0.0, -10.2),0.09562726
(-2.8, 1.2, -8.0),0.7344678
(-3.0, 1.2, -8.0),0.751074
(-2.8, 1.3, -8.0),0.7433066
(-2.0, 1.3, -8.0),0.5661552
(-2.9, 1.3, -8.0),0.7504178
(-2.1, 1.3, -8.1),0.5757876
(-1.5, 0.9, -8.0),0.3928938
(-1.4, 2.2, -12.9),0.04529649
(-1.6, 0.4, -17.1),0.5013698
(-1.4, 1.7, -7.9),0.3491309
(-2.0, 1.2, -8.0),0.5515274
(-2.8, 1.5, -8.0),0.7229862
(-2.1, 1.2, -8.1),0.5746464
(-2.1, 1.2, -8.0),0.5713322
(-2.0, 1.1, -8.0),0.5401469
(-2.8, 1.2, -8.0),0.7412852
(-2.1, 1.2, -8.1),0.5726525
(-2.0, 1.3, -8.0),0.5679715
(-2.8, 1.3, -8.0),0.7419055
(-1.9, 1.2, -8.0),0.5349486
(-2.8, 1.3, -8.0),0.7380692
(-1.4, 0.1, -11.9),0.03868222
(-2.0, 1.1, -8.0),0.5325063
(-1.9, 1.1, -8.0),0.5174889
(-1.5, 1.3, -8.0),0.4145159
(-1.9, 1.2, -8.0),0.5427732
(-2.1, 0.6, -8.2),0.4540744
(-1.9, 0.5, -17.1),0.5466847
(-3.6, 1.7, -17.1),0.4198243
(-1.8, 1.1, -8.0),0.4900269
(-2.1, 1.2, -8.1),0.5732195
(-3.5, 2.2, -17.1),0.3994029
(-2.0, 0.9, -8.0),0.5178688
(-1.5, 1.5, -17.1),0.8444861
(-1.7, 0.8, -8.0),0.4360374
(-2.0, 1.2, -8.0),0.5660164
(-1.9, 1.5, -8.0),0.5071232
(-2.0, 1.2, -8.0),0.5510949
(-1.7, 1.2, -8.0),0.4655522
(-2.1, 1.2, -8.1),0.5731477
(-1.5, 1.6, -8.0),0.4024558
(-1.7, 1.2, -8.0),0.486465
(-2.1, 1.3, -8.1),0.5758396
(-2.8, 1.2, -8.0),0.7319101
(-1.6, 1.3, -8.0),0.4334685
(-2.1, 1.5, -8.1),0.5564194
(-1.6, 1.2, -8.0),0.4566409
(-2.0, 1.8, -17.1),0.8312246
(-1.9, 1.0, -8.0),0.5156011
(-1.6, 1.1, -8.0),0.4278243
(-2.1, 0.8, -8.0),0.4924426
(-2.0, 1.5, -8.0),0.5366905
(-2.1, 1.5, -8.2),0.5625705
(-1.7, 1.2, -8.0),0.4808229
(-1.8, 0.9, -8.0),0.4739669
(-2.8, 1.3, -8.0),0.7329395
(-2.0, 0.9, -8.0),0.5166586
(-1.5, 0.9, -8.0),0.3704266
(-2.8, 1.1, -8.2),0.7111128
(-1.6, 1.2, -8.0),0.4511287
(-2.0, 1.5, -8.0),0.5475667
(-2.0, 1.2, -8.0),0.5658385
(-2.0, 1.1, -8.0),0.5478063
(-1.6, 1.2, -8.0),0.4537234
(-1.6, 1.3, -8.0),0.4311095
(-2.0, 0.5, -8.0),0.3968115
(-1.5, 1.4, -8.0),0.3874763
(-1.4, 1.6, -10.9),0.0785998
(-2.0, 0.9, -8.0),0.5158614
(-1.9, 0.9, -8.0),0.4811257
(-1.9, 0.9, -8.0),0.4738036
(-1.9, 1.0, -8.0),0.5258202
(-2.0, 1.2, -8.0),0.5478725
(-2.0, 0.9, -8.0),0.5113928
(-1.5, 0.8, -8.0),0.350174
(-2.1, 1.4, -8.0),0.5658357
(-2.1, 1.0, -8.1),0.5484669
(-2.1, 1.4, -8.0),0.5681296
(-1.4, 1.0, -7.9),0.3644652
(-2.1, 1.2, -8.1),0.5730183
(-1.5, 0.0, -10.0),0.1024796
(-1.7, 1.3, -8.0),0.4807768
(-2.1, 1.0, -8.0),0.5409234
(-1.6, 1.3, -8.0),0.4321742
(-2.0, 1.0, -8.0),0.5296082
(-2.8, 1.3, -8.1),0.7347856
(-1.9, 1.8, -17.1),0.8656408
(-2.8, 1.0, -8.0),0.6953408
(-2.0, 1.1, -8.0),0.5480524
(-1.6, 0.8, -8.0),0.3825144
(-1.8, 1.0, -8.0),0.4930109
(-1.9, 0.9, -8.0),0.5058264
(-1.7, 2.4, -17.1),0.5277646
(-2.0, 0.9, -8.0),0.5081646
(-2.0, 1.3, -17.1),0.9741418
(-2.1, 0.8, -8.0),0.5060281
(-1.8, 1.3, -8.0),0.503262
(-2.1, 1.2, -8.2),0.5688263
(-1.4, 1.0, -9.9),0.1509464
(-2.8, 1.4, -8.0),0.7266358
(-1.8, 1.4, -8.0),0.5067171
(-2.0, 1.1, -8.0),0.5510762
(-2.0, 1.4, -8.0),0.5504827
(-2.0, 1.4, -8.0),0.5619917
(-1.4, 0.1, -9.5),0.1392064
(-1.4, 1.1, -9.5),0.2008064
(-1.7, 0.5, -8.0),0.3609745
(-1.6, 1.3, -8.0),0.4519606
(-1.4, 1.4, -9.9),0.1545687
(-1.8, 1.1, -8.0),0.4904158
(-2.0, 1.5, -8.0),0.5329965
(-2.8, 1.2, -8.2),0.7258215
(-2.1, 1.3, -8.1),0.576408
(-1.4, 1.0, -7.9),0.3760888
(-2.1, 1.5, -8.2),0.5616154
(-1.7, 0.9, -8.0),0.4346837
(-1.9, 1.0, -8.0),0.508096
(-2.8, 1.1, -8.2),0.6972249
(-2.0, 1.0, -8.0),0.5252951
(-1.4, 2.4, -10.9),0.06641459
(-2.0, 1.4, -8.0),0.5573817
(-3.5, 2.3, -17.1),0.3799397
(-2.1, 1.6, -8.0),0.5432339
(-1.8, 0.4, -8.0),0.3555734
(-2.1, 1.5, -8.1),0.5578771
(-2.1, 1.3, -8.2),0.5731418
(-2.8, 1.2, -8.1),0.7195984
(-2.0, 0.7, -8.0),0.4494641
(-1.7, 0.8, -8.0),0.403095
(-2.9, 1.2, -8.0),0.7429811
(-1.9, 1.4, -17.1),0.9992635
(-1.6, 1.2, -8.0),0.4557814
(-1.4, 1.1, -7.8),0.3652701
(-2.0, 1.0, -8.0),0.5332139
(-1.5, 1.2, -8.0),0.4180678
(-1.4, 1.3, -8.0),0.3903017
(-2.8, 0.8, -8.0),0.6175095
(-2.9, 1.2, -8.0),0.7446583
(-1.4, 1.1, -9.9),0.1535823
(-2.0, 1.2, -8.0),0.5527485
(-1.6, 1.2, -8.0),0.4338003
(-1.8, 1.2, -8.0),0.512165
(-1.8, 0.7, -8.0),0.426365
(-2.9, 1.1, -8.0),0.7340106
(-2.9, 1.1, -8.0),0.7361484
(-1.8, 1.4, -8.0),0.4950646
(-2.9, 1.5, -8.0),0.7303411
(-1.9, 2.0, -17.1),0.7417687
(-2.1, 1.2, -8.0),0.5731183
(-2.0, 1.0, -8.0),0.5353353
(-2.0, 1.2, -8.0),0.5560732
(-2.0, 1.0, -8.0),0.5380112
(-1.4, 1.6, -17.1),0.7604712
(-1.7, 1.1, -17.1),0.8595068
(-1.9, 1.2, -8.0),0.5407107
(-1.8, 0.3, -17.1),0.4624144
(-1.4, 0.8, -10.9),0.07643321
(-2.1, 0.6, -8.1),0.4607156
(-2.9, 1.2, -8.0),0.7535073
(-1.7, 1.5, -8.0),0.4687897
(-1.8, 0.7, -8.0),0.4091484
(-1.4, 1.0, -10.9),0.0784796
(-3.4, 1.6, -17.1),0.4650776
(-1.4, 0.8, -15.9),0.319156
(-2.1, 1.2, -8.0),0.5740435
(-1.9, 0.7, -8.0),0.4415643
(-2.4, 1.1, -22.9),0.02169651
(-1.6, 0.8, -8.0),0.395861
(-2.8, 1.3, -8.1),0.7342325
(-1.5, 1.1, -8.0),0.4060216
(-2.9, 1.1, -8.0),0.7206197
(-1.8, 0.9, -8.0),0.4458503
(-2.9, 1.2, -8.0),0.7422621
(-2.9, 1.0, -8.0),0.696783
(-1.9, 1.6, -8.0),0.5168048
(-2.1, 1.5, -8.1),0.5636019
(-3.6, 1.1, -17.1),0.3937693
(-1.4, 1.1, -9.5),0.194613
(-1.4, 0.3, -10.9),0.06610008
(-2.1, 1.3, -8.1),0.5755629
(-3.4, 1.9, -17.1),0.4436589
(-2.9, 1.2, -8.0),0.7498094
(-1.7, 1.6, -8.0),0.459172
(-1.6, 0.6, -8.0),0.3544882
(-2.0, 1.1, -8.0),0.5493813
(-1.7, 1.0, -8.0),0.4513251
(-1.4, 1.1, -8.0),0.3862816
(-3.0, 1.4, -8.0),0.7610726
(-2.8, 1.6, -8.1),0.6981425
(-1.7, 1.2, -8.0),0.4758819
(-2.1, 1.1, -8.2),0.5595103
(-1.9, 1.0, -8.0),0.5218841
(-1.4, 0.8, -7.9),0.349483
(-2.8, 1.0, -8.0),0.7058167
(-1.4, 2.7, -13.1),0.04246254
(-2.9, 1.2, -8.0),0.7587776
(-2.1, 0.9, -8.1),0.521428
(-1.7, 1.3, -8.0),0.4827818
(-1.6, 0.2, -17.1),0.410823
(-3.1, 1.1, -8.0),0.748654
(-2.8, 1.3, -8.0),0.7374664
(-1.9, 1.7, -8.0),0.4924
(-3.1, 1.2, -8.0),0.7622744
(-2.2, 2.2, -17.1),0.6750005
(-2.1, 1.7, -8.0),0.5345883
(-3.0, 1.2, -8.0),0.7560886
(-2.1, 0.6, -8.2),0.4571231
(-1.7, 1.5, -8.0),0.4650036
(-1.8, 1.1, -8.0),0.4859393
(-2.0, 1.0, -8.0),0.5504947
(-1.9, 1.8, -8.0),0.4633997
(-2.0, 1.5, -8.0),0.5349357
(-1.8, 1.5, -8.0),0.4882249
(-2.0, 0.5, -17.1),0.5704937
(-1.5, 0.9, -17.1),0.6725374
(-1.6, 0.2, -17.1),0.4136062
(-2.0, 1.2, -8.0),0.5454015
(-2.0, 1.7, -8.0),0.5131624
(-2.1, 1.8, -17.2),0.8526063
(-2.1, 1.3, -8.1),0.5755754
(-2.1, 1.7, -8.1),0.533836
(-2.9, 1.5, -8.0),0.7350293
(-3.2, 1.3, -8.0),0.7613211
(-3.1, 1.4, -8.0),0.7625844
(-2.1, 1.8, -8.1),0.5066441
(-1.6, 1.4, -8.0),0.4322149
(-1.6, 1.4, -8.0),0.4480026
(-2.8, 2.6, -17.1),0.451178
(-2.2, 2.4, -17.1),0.5770789
(-3.0, 1.3, -8.0),0.7657467
(-2.8, 1.4, -8.1),0.730868
(-3.0, 1.4, -8.0),0.7584313
(-2.8, 0.9, -8.0),0.6644444
(-3.1, 1.7, -8.0),0.691128
(-2.9, 1.4, -8.0),0.7437859
(-1.9, 1.3, -8.0),0.538572
(-3.0, 1.4, -8.0),0.7595028
(-3.3, 1.1, -8.0),0.7190247
(-2.8, 1.2, -8.0),0.740805
(-3.0, 1.3, -8.0),0.7650729
(-3.4, 1.8, -8.0),0.6589651
(-1.6, 1.9, -17.1),0.7446197
(-2.8, 1.3, -8.0),0.7327779
(-3.2, 1.3, -8.0),0.7597272
(-2.8, 1.4, -8.0),0.7327853
(-2.8, 1.4, -8.0),0.7413183
(-3.0, 1.9, -8.0),0.6389899
(-2.8, 1.2, -8.0),0.7271513
(-2.8, 1.4, -8.1),0.7246838
(-3.2, 1.1, -8.0),0.7249197
(-2.9, 1.2, -8.0),0.7364157
(-2.9, 1.1, -8.0),0.7271321
(-3.3, 1.2, -8.0),0.746226
(-2.1, 2.6, -17.1),0.484853
(-2.0, 1.1, -8.0),0.5497268
(-2.9, 1.3, -8.0),0.7554911
(-3.0, 1.5, -8.0),0.7407514
(-1.8, 1.1, -8.0),0.4944823
(-2.1, 1.4, -8.0),0.5626631
(-2.8, 1.6, -8.2),0.6956118
(-2.1, 1.3, -8.2),0.5724821
(-3.7, 1.9, -17.1),0.3675117
(-3.3, 1.4, -8.0),0.7440515
(-2.0, 1.3, -8.0),0.5600327
(-3.0, 1.3, -8.0),0.7635731
(-2.8, 1.3, -8.1),0.7327755
(-2.9, 1.4, -8.0),0.7563039
(-3.3, 1.4, -8.0),0.7485401
(-2.8, 1.5, -8.1),0.704027
(-2.8, 1.4, -8.0),0.7353969
(-2.0, 1.4, -8.0),0.5525584
(-2.1, 1.7, -8.1),0.5373156
(-1.7, 0.9, -17.1),0.7512253
(-5.8, 2.0, -14.5),0.07639749
(-2.7, 2.2, -22.9),0.02494519
(-5.8, 2.0, -12.2),0.03259766
(-1.4, 1.7, -13.9),0.07749975
(-5.8, 1.7, -14.6),0.08039565
(-4.1, 2.2, -17.1),0.2732385
(-2.0, 1.8, -17.1),0.8302095
(-4.1, 0.9, -17.1),0.2641509
(-1.4, 2.0, -11.7),0.04987717
(-3.0, 1.2, -17.1),0.5981669
(-1.8, 2.1, -17.1),0.7011749
(-2.1, 2.0, -17.1),0.7438452
(-4.7, 1.9, -17.1),0.2136528
(-1.5, 2.7, -14.4),0.08266154
(-6.2, 0.2, -17.1),0.06690308
(-5.8, 1.8, -15.1),0.08746509
(-1.4, 0.6, -13.9),0.07018396
(-5.8, 2.3, -13.4),0.0467053
(-6.3, 1.5, -17.1),0.09557813
(-1.4, 2.0, -10.8),0.0778692
(-1.9, 1.3, -17.1),0.996829
(-6.1, 1.0, -17.1),0.09710513
(-2.4, 2.6, -17.1),0.4932616
(-2.0, 1.6, -17.1),0.9504157
(-2.3, 2.6, -17.1),0.4733429
(-5.8, 1.1, -15.4),0.07916532
(-4.8, 2.2, -17.1),0.1816376
(-2.6, 2.4, -17.1),0.5480179
(-5.8, 2.1, -13.4),0.05033364
(-3.0, 0.8, -17.1),0.482901
(-3.9, 2.0, -17.1),0.3274947
(-1.7, 2.7, -17.1),0.4248991
(-5.8, 1.8, -15.0),0.08669426
(-6.4, 2.0, -17.1),0.09174851
(-2.7, 2.0, -17.1),0.6286991
(-2.5, 2.5, -17.1),0.5138731
(-5.8, 1.7, -14.2),0.06891644
(-4.9, 1.1, -17.1),0.1770744
(-2.2, 2.5, -17.1),0.548946
(-4.6, 1.6, -17.1),0.2214768
(-5.8, 1.6, -13.7),0.05575372
(-2.4, 2.2, -17.1),0.6692371
(-5.6, 0.7, -17.1),0.1156333
(-1.4, 2.1, -11.5),0.05429921
(-4.5, 1.3, -17.1),0.2295157
(-5.4, 2.4, -17.1),0.1281159
(-5.8, 1.7, -13.3),0.04765368
(-4.5, 1.5, -17.1),0.2311141
(-2.5, 2.0, -17.1),0.6973261
(-2.6, 2.1, -17.1),0.6222826
(-2.0, 1.6, -17.1),0.9236575
(-3.6, 1.9, -17.1),0.3991452
(-5.8, 1.5, -14.9),0.0832158
(-2.9, 1.4, -17.1),0.6607776
(-1.5, 2.5, -17.1),0.4705279
(-3.0, 1.9, -17.1),0.6019552
(-2.0, 2.1, -17.1),0.7299396
(-1.8, 0.4, -17.1),0.5299191
(-5.8, 1.4, -17.1),0.1270229
(-6.1, 0.8, -17.1),0.09269849
(-1.4, 2.7, -16.0),0.2586166
(-4.6, 0.9, -17.1),0.2013582
(-5.8, 1.6, -13.8),0.05841684
(-1.4, 2.2, -15.9),0.3053956
(-1.5, 0.3, -17.1),0.4276234
(-1.5, 2.0, -17.1),0.6684563
(-6.1, 2.0, -17.1),0.105421
(-2.3, 2.0, -17.1),0.7422376
(-1.4, 1.1, -12.6),0.0487872
(-3.0, 2.4, -17.1),0.4443632
(-4.8, 1.8, -17.1),0.1978303
(-1.4, 1.6, -11.9),0.04975148
(-4.1, 1.7, -17.1),0.3083421
(-5.4, 1.6, -17.1),0.1519061
(-5.8, 2.1, -15.2),0.08603816
(-2.5, 2.6, -17.1),0.4706272
(-1.7, 2.0, -17.1),0.7268824
(-2.8, 2.3, -17.1),0.5268545
(-2.7, 2.3, -17.1),0.548036
(-1.7, 1.9, -17.1),0.7396579
(-5.8, 1.6, -13.4),0.04947948
(-2.5, 2.0, -17.1),0.7066733
(-1.4, 1.5, -17.1),0.7878719
(-4.7, 2.0, -17.1),0.1998402
(-3.1, 2.5, -17.1),0.407645
(-5.0, 1.0, -17.1),0.1651244
(-6.3, 2.0, -17.1),0.09597395
(-4.1, 1.8, -17.1),0.2925757
(-5.8, 1.6, -15.2),0.0870614
(-5.8, 2.6, -15.0),0.07261546
(-3.5, 2.1, -17.1),0.4071511
(-5.1, 1.8, -17.1),0.1743571
(-1.8, 0.9, -17.1),0.8005108
(-4.3, 1.9, -17.1),0.2601904
(-4.8, 1.6, -17.1),0.2045697
(-1.5, 2.7, -13.0),0.0405741
(-2.0, 1.0, -17.1),0.8547193
(-4.0, 2.3, -17.1),0.2775502
(-6.4, 2.0, -17.1),0.09092681
(-5.8, 0.6, -15.3),0.06460913
(-5.5, 2.0, -17.1),0.1372377
(-6.4, 1.1, -17.1),0.08823262
(-5.7, 2.1, -17.1),0.1224231
(-1.5, 1.6, -17.1),0.8268348
(-1.4, 1.0, -17.0),0.7041391
(-2.8, 2.7, -17.1),0.4135932
(-4.2, 2.2, -17.1),0.2662738
(-5.6, 2.2, -17.1),0.1253057
(-2.5, 2.3, -17.1),0.599148
(-3.8, 1.9, -17.1),0.354107
(-5.5, 1.4, -17.1),0.1425771
(-4.0, 2.2, -17.1),0.2863628
(-2.8, 2.1, -17.1),0.6100916
(-1.9, 0.1, -17.1),0.417169
(-5.1, 0.8, -17.1),0.1448621
(-4.9, 1.5, -17.1),0.1893856
(-2.5, 2.2, -17.1),0.6318979
(-2.0, 0.4, -17.1),0.5096684
(-1.4, 1.6, -12.9),0.05175309
(-3.0, 2.3, -17.1),0.4871377
(-1.5, 2.0, -17.1),0.6574108
(-1.4, 0.8, -14.9),0.1497722
(-3.7, 2.0, -17.1),0.3630286
(-4.3, 0.1, -17.1),0.1603332
(-1.8, 2.0, -17.1),0.7432398
(-1.4, 1.2, -12.9),0.05327768
(-3.0, 0.6, -17.1),0.4393616
(-1.5, 2.2, -17.1),0.5637619
(-2.9, 1.2, -17.1),0.6347607
(-1.4, 0.1, -15.9),0.2235865
(-5.3, 1.7, -17.1),0.1580868
(-2.6, 2.1, -17.1),0.6583301
(-4.2, 0.9, -17.1),0.2509243
(-4.2, 2.4, -17.1),0.230472
(-1.4, 1.2, -12.9),0.053275
(-1.7, 0.0, -17.1),0.3674513
(-6.7, 1.7, -17.1),0.07534373
(-1.7, 2.3, -17.1),0.5821055
(-4.6, 2.0, -17.1),0.2187878
(-3.0, 1.8, -17.1),0.6016674
(-1.4, 1.2, -12.9),0.05285829
(-6.0, 2.0, -17.1),0.1089541
(-3.1, 0.5, -17.1),0.4034346
(-3.4, 1.8, -17.1),0.4714358
(-1.4, 1.3, -12.9),0.05337986
(-1.4, 1.6, -14.9),0.160216
(-2.0, 1.3, -17.1),0.9836276
(-4.1, 1.9, -17.1),0.2833356
(-5.4, 2.7, -17.1),0.1149198
(-3.0, 0.5, -17.1),0.4240582
(-1.5, 0.1, -16.9),0.3420119
(-1.5, 1.4, -17.1),0.8549858
(-3.2, 1.6, -17.1),0.544632
(-1.4, 1.5, -13.9),0.07865637
(-6.2, 2.4, -17.1),0.09079413
(-3.3, 0.2, -17.1),0.2882514
(-1.6, 2.2, -17.1),0.5924282
(-1.6, 1.4, -17.1),0.9228408
(-5.8, 2.4, -17.1),0.1082549
(-6.2, 1.7, -17.1),0.1025032
(-1.8, 1.7, -17.1),0.8693203
(-2.0, 2.3, -17.1),0.600546
(-4.7, 1.4, -17.1),0.2125624
(-2.8, 1.7, -17.1),0.6765568
(-3.4, 1.3, -17.1),0.4574084
(-1.8, 2.0, -17.1),0.719927
(-1.8, 1.0, -17.1),0.84216
(-2.1, 1.4, -17.1),0.973762
(-3.3, 2.4, -17.1),0.3920709
(-1.6, 1.8, -17.1),0.7723288
(-1.4, 1.1, -12.8),0.05099583
(-1.4, 1.4, -12.9),0.05322355
(-1.4, 2.6, -17.1),0.4143741
(-2.6, 2.5, -17.1),0.4935864
(-1.6, 2.0, -17.1),0.6868625
(-2.1, 2.0, -17.3),0.7550723
(-3.0, 1.6, -17.1),0.6150932
(-2.3, 2.7, -17.1),0.4575624
(-2.2, 2.1, -17.1),0.7120981
(-1.4, 1.2, -14.9),0.1615848
(-1.6, 1.3, -17.1),0.895126
(-3.6, 1.8, -17.1),0.4141398
(-1.6, 0.8, -17.1),0.6646491
(-1.7, 0.4, -17.1),0.530609
(-1.4, 1.3, -13.9),0.07882463
(-1.8, 0.6, -17.1),0.6287253
(-1.4, 1.7, -16.9),0.6969834
(-3.1, 0.7, -17.1),0.4350403
(-1.9, 2.3, -17.1),0.6137522
(-2.2, 2.5, -17.1),0.5370873
(-3.6, 1.1, -17.1),0.3826446
(-1.6, 1.2, -17.1),0.8916472
(-3.7, 2.2, -17.1),0.3375126
(-3.2, 1.8, -17.1),0.5308909
(-2.2, 2.2, -17.1),0.6892258
(-1.8, 2.3, -17.1),0.5953211
(-1.8, 1.1, -17.1),0.8960782
(-1.4, 1.3, -14.9),0.1622102
(-3.1, 1.4, -17.1),0.5817712
(-3.3, 2.0, -17.1),0.4565706
(-1.8, 1.7, -17.1),0.8713502
(-1.6, 1.6, -17.1),0.8495602
(-3.7, 1.7, -17.1),0.3788248
(-3.7, 1.8, -17.1),0.3826396
(-1.4, 1.4, -14.9),0.162616
(-1.7, 1.9, -17.1),0.7616469
(-3.9, 1.6, -17.1),0.3438474
(-3.8, 1.5, -17.1),0.3756989
(-1.4, 1.4, -15.9),0.3616647
(-1.8, 1.6, -17.1),0.9371852
(-2.5, 2.1, -17.1),0.6656494
(-3.8, 1.6, -17.1),0.3582992
(-1.6, 1.2, -17.1),0.891373
(-1.7, 1.7, -17.1),0.8749881
(-1.5, 1.5, -17.1),0.8321635
(-1.6, 1.3, -17.1),0.8940488
(-2.9, 1.7, -17.1),0.6428699
(-3.0, 1.0, -17.1),0.5392441
(-2.1, 1.0, -17.1),0.8214536
(-3.0, 1.6, -17.1),0.6087064
(-1.9, 1.7, -17.1),0.8685079
(-1.4, 1.3, -14.9),0.1620029
(-3.3, 1.5, -17.1),0.5093023
(-1.4, 1.8, -17.1),0.7047232
(-1.6, 1.0, -17.1),0.7798399
(-1.7, 1.1, -17.1),0.8723192
(-3.3, 1.3, -17.1),0.5164541
(-3.1, 1.9, -17.1),0.5457017
(-1.8, 2.3, -17.1),0.6129211
(-1.7, 1.2, -17.1),0.9099847
(-1.4, 1.5, -16.9),0.7185552
(-1.9, 1.8, -17.1),0.8500546
(-2.0, 1.1, -17.1),0.8792091
(-3.1, 1.3, -17.1),0.575427
(-2.2, 2.6, -17.1),0.4874235
(-1.4, 1.1, -15.5),0.2533236
(-3.4, 2.5, -17.1),0.3525265
(-3.3, 2.2, -17.1),0.437128
(-3.5, 1.1, -17.1),0.4142286
(-3.5, 1.7, -17.1),0.4409393
(-3.4, 0.9, -17.1),0.4120349
(-2.4, 2.0, -17.1),0.7069038
(-1.8, 1.5, -17.1),0.965269
(-1.7, 2.0, -17.1),0.7118248
(-1.6, 2.0, -17.1),0.6926284
(-1.8, 2.0, -17.1),0.7607923
(-2.5, 2.0, -17.1),0.6883869
(-3.1, 1.9, -17.1),0.5544309
(-1.9, 1.1, -17.1),0.9278865
(-3.9, 0.8, -17.1),0.2884374
(-2.9, 2.3, -17.1),0.5019455
(-1.8, 1.4, -17.1),0.9947072
(-1.7, 2.5, -17.1),0.4994409
(-1.9, 0.3, -17.1),0.4852686
(-2.8, 1.3, -17.1),0.6814625
(-2.0, 1.3, -17.1),0.9766341
(-2.8, 1.3, -17.2),0.6862218
(-1.7, 1.0, -17.1),0.8310726
(-1.7, 2.3, -17.1),0.5622759
(-3.5, 1.4, -17.1),0.426464
(-3.1, 2.4, -17.1),0.4549026
(-2.8, 1.3, -17.2),0.6851043
(-1.8, 1.7, -17.1),0.9037682
(-1.4, 2.0, -15.9),0.3274446
(-2.8, 1.9, -17.2),0.6452281
(-2.6, 2.0, -17.1),0.6624401
(-1.6, 1.6, -17.1),0.8488022
(-3.5, 1.6, -17.1),0.4576018
(-1.8, 0.6, -17.1),0.6156306
(-1.8, 2.1, -17.1),0.6962204
(-1.6, 1.0, -17.1),0.7722172
(-1.4, 0.7, -16.9),0.5617585
(-1.4, 1.4, -15.9),0.3628017
(-1.8, 1.0, -17.1),0.8523303
(-2.9, 2.7, -17.1),0.3994497
(-1.6, 0.8, -17.1),0.6880375
(-1.8, 1.7, -17.1),0.862639
(-2.0, 0.6, -17.1),0.638962
(-2.8, 1.8, -17.2),0.6833044
(-1.9, 1.5, -17.1),0.9675367
(-1.8, 1.0, -17.1),0.8616999
(-1.7, 2.1, -17.1),0.6606442
(-1.5, 1.4, -17.1),0.8288862
(-1.4, 1.8, -15.9),0.3516622
(-3.3, 1.4, -17.1),0.514766
(-2.8, 1.9, -17.2),0.6483799
(-1.7, 1.2, -17.1),0.9169689
(-1.4, 1.6, -15.9),0.3601274
(-1.7, 1.8, -17.1),0.836863
(-3.7, 2.1, -17.1),0.3698363
(-2.4, 2.6, -17.1),0.4731306
(-1.4, 1.2, -15.9),0.3564516
(-1.8, 1.2, -17.1),0.9543599
(-2.9, 2.0, -17.1),0.6006488
(-1.8, 0.6, -17.1),0.6308076
(-1.8, 1.3, -17.1),0.9778052
(-2.0, 2.0, -17.1),0.7765127
(-3.1, 1.5, -17.1),0.5960016
(-1.7, 1.1, -17.1),0.8935421
(-1.6, 1.2, -17.1),0.8580747
(-1.4, 1.4, -15.9),0.367078
(-1.8, 2.4, -17.1),0.5552306
(-2.8, 1.4, -17.1),0.6900622
(-2.0, 1.0, -17.1),0.8115163
(-1.7, 1.0, -17.1),0.7974869
(-1.7, 1.6, -17.1),0.9223939
(-1.7, 1.5, -17.1),0.936735
(-1.7, 1.4, -17.1),0.9296567
(-1.5, 0.8, -17.1),0.6718338
(-1.4, 1.4, -16.9),0.7470425
(-1.7, 1.6, -17.1),0.8880087
(-1.8, 1.6, -17.1),0.9213039
(-1.9, 1.7, -17.1),0.8697718
(-1.6, 1.9, -17.1),0.7050424
(-1.7, 1.7, -17.1),0.8577915
(-1.5, 1.6, -17.1),0.8039801
(-1.4, 1.3, -16.9),0.7216483
(-2.0, 1.4, -17.1),0.9885463
(-1.8, 1.2, -17.1),0.9275836
(-1.9, 1.2, -17.1),0.9724885
(-1.9, 1.4, -17.1),0.9983587
(-1.9, 1.1, -17.1),0.8806014
(-1.8, 1.4, -17.1),0.9787478
(-2.1, 1.1, -17.1),0.8690601
(-1.6, 1.4, -17.1),0.9077533
(-1.8, 1.4, -17.1),0.9777929
(-1.7, 1.5, -17.1),0.9053195
(-1.8, 1.4, -17.1),0.9890384
(-1.8, 1.3, -17.1),0.9811843
(-1.7, 1.4, -17.1),0.9514484
(-1.9, 1.3, -17.1),0.9930693
(-1.7, 1.6, -17.1),0.8919911
(-1.5, 1.4, -17.1),0.8316544
(-1.8, 1.3, -17.1),0.9713711
(-1.8, 1.5, -17.1),0.9507082
(-2.0, 1.3, -17.1),0.9882714
(-2.1, 1.5, -17.1),0.9535221
(-1.9, 1.4, -17.1),0.9999929
(-1.7, 1.3, -17.1),0.9525037
(-5.7, 1.5, -21.0),0.05114345
(-1.9, 1.4, -17.1),0.9998235
(-1.5, 1.5, -17.1),0.8400832
(-1.7, 1.3, -17.1),0.9372572
(-1.9, 1.4, -17.1),0.9974031
(-5.7, 1.5, -21.0),0.05093486
(-1.7, 1.3, -17.1),0.952126
(-2.0, 1.4, -17.1),0.980957
(-1.6, 1.3, -17.1),0.9146255
(-1.6, 1.2, -17.1),0.8502871
(-1.6, 1.4, -17.1),0.9195968
(-1.6, 1.2, -17.1),0.8542402
(-1.9, 1.5, -17.1),0.9745899
(-2.0, 1.4, -17.1),0.9958501
(-1.7, 1.4, -17.1),0.9451393
(-1.8, 1.3, -17.1),0.9845675
(-1.6, 1.1, -17.1),0.8241298
(-1.4, 1.3, -17.1),0.7917138
(-1.7, 1.4, -17.1),0.9343204
(-1.9, 1.5, -17.1),0.9823406
(-2.0, 1.3, -17.1),0.9810216
(-1.8, 1.3, -17.1),0.9847291
(-2.0, 1.2, -17.1),0.9427753
(-1.6, 1.1, -17.1),0.8573438
(-1.5, 1.1, -17.1),0.7976195
(-1.9, 1.3, -17.1),0.9985973
(-1.8, 1.5, -17.1),0.9621047
(-1.8, 1.3, -17.1),0.9763155
(-1.5, 1.5, -17.1),0.7991746
(-1.7, 1.4, -17.1),0.9336203
(-1.7, 1.3, -17.1),0.9367808
(-1.7, 1.2, -17.1),0.9048426
(-2.0, 1.5, -17.1),0.9786871
(-1.5, 1.2, -17.1),0.8301015
(-1.7, 1.5, -17.1),0.9289771
(-1.7, 1.3, -17.1),0.9343755
(-1.6, 1.5, -17.1),0.9059035
(-1.5, 1.4, -17.1),0.8127456
(-2.0, 1.5, -17.1),0.9704511
(-1.7, 1.4, -17.1),0.962236
(-1.6, 1.3, -17.1),0.9159135
(-1.8, 1.5, -17.1),0.9437913
(-1.6, 1.3, -17.1),0.8930799
(-1.7, 1.3, -17.1),0.9306617
(-1.8, 1.4, -17.1),0.9925115
(-1.5, 1.2, -17.1),0.8079322
(-1.6, 1.4, -17.1),0.9012387
(-1.4, 1.4, -17.1),0.7971418
(-1.8, 1.3, -17.1),0.9795464
(-1.9, 1.2, -17.1),0.9474335
(-1.8, 1.5, -17.1),0.9614029
(-1.8, 1.3, -17.1),0.977988
(-5.7, 2.1, -21.8),0.04088514
(-1.8, 1.4, -17.1),0.9911298
(-1.6, 1.4, -17.1),0.9177951
(-1.8, 1.4, -17.1),0.9819529
(-1.6, 1.4, -17.1),0.9138855
(-1.8, 1.4, -17.1),0.9827853
(-5.7, 1.4, -21.3),0.04982729
(-2.0, 1.4, -17.1),0.9796175
(-1.9, 1.3, -17.1),0.9885777
(-2.0, 1.2, -17.1),0.9249325
(-1.7, 1.3, -17.1),0.9336468
(-1.7, 1.2, -17.1),0.9270095
(-1.8, 1.6, -17.1),0.9242479
(-1.9, 1.4, -17.1),0.9999456
(-1.7, 1.2, -17.1),0.9148391
(-5.7, 2.3, -22.4),0.02940623
(-1.8, 1.3, -17.1),0.9740992
(-1.8, 1.3, -17.1),0.9771186
(-1.9, 1.4, -17.1),0.9988904
(-1.6, 1.2, -17.1),0.8574487
(-1.8, 1.2, -17.1),0.9405974
(-1.7, 1.2, -17.1),0.8931905
(-1.9, 1.2, -17.1),0.9535926
(-1.5, 1.3, -17.1),0.8559527
(-2.0, 1.3, -17.1),0.9667219
(-1.7, 1.6, -17.1),0.8828707
(-5.7, 1.8, -22.0),0.04237198
(-1.6, 1.2, -17.1),0.8539275
(-1.8, 1.4, -17.1),0.9839165
(-1.8, 1.3, -17.1),0.9918711
(-5.7, 2.1, -21.4),0.04423549
(-1.6, 1.2, -17.1),0.8980268
(-1.5, 1.3, -17.1),0.8066791
(-1.6, 1.3, -17.1),0.872301
(-1.7, 1.4, -17.1),0.9605685
(-1.7, 1.1, -17.1),0.8831348
(-1.6, 1.4, -17.1),0.8853267
(-1.8, 1.4, -17.1),0.9921573
(-1.8, 1.4, -17.1),0.9926639
(-1.8, 1.4, -17.1),0.9858956
(-1.8, 1.3, -17.1),0.9923913
(-1.6, 1.2, -17.1),0.8957823
(-1.5, 1.4, -17.1),0.8272406
(-5.7, 1.6, -20.8),0.051205
(-1.8, 1.3, -17.1),0.9825063
(-1.8, 1.2, -17.1),0.9572069
(-1.5, 1.3, -17.1),0.8128821
(-1.8, 1.3, -17.1),0.9759348
(-1.6, 1.3, -17.1),0.8953772
(-1.9, 1.3, -17.1),0.9946561
(-1.7, 1.5, -17.1),0.9163024
(-1.8, 1.2, -17.1),0.9648993
(-1.8, 1.2, -17.1),0.9428214
(-1.6, 1.3, -17.1),0.9228507
(-1.6, 1.6, -17.1),0.8803158
(-2.0, 1.5, -17.1),0.9861867
(-1.9, 1.2, -17.1),0.9684253
(-1.6, 1.4, -17.1),0.9161777
(-1.7, 1.5, -17.1),0.9087877
(-1.6, 1.4, -17.1),0.87962
(-1.8, 1.3, -17.1),0.976437
(-2.0, 1.5, -17.1),0.9673952
(-1.6, 1.3, -17.1),0.9032502
(-1.6, 1.2, -17.1),0.8891395
(-2.0, 1.3, -17.1),0.9859456
(-1.8, 1.3, -17.1),0.9929281
(-2.0, 1.4, -17.1),0.9797205
(-1.7, 1.4, -17.1),0.94431
(-1.7, 1.3, -17.1),0.930027
(-5.7, 1.3, -20.7),0.05003084
(-2.0, 1.4, -17.1),0.9956607
(-1.5, 1.3, -17.1),0.8641897
(-2.0, 1.4, -17.1),0.9962023
(-1.8, 1.2, -17.1),0.9708712
(-1.8, 1.2, -17.1),0.9566474
(-5.7, 1.3, -20.9),0.05012572
(-1.8, 1.5, -17.1),0.9699191
(-1.5, 1.3, -17.1),0.8400384
(-1.7, 1.3, -17.1),0.9589908
(-2.0, 1.4, -17.1),0.984901
(-1.9, 1.4, -17.1),0.9926721
(-1.7, 1.4, -17.1),0.94287
(-1.8, 1.2, -17.1),0.9320833
(-1.8, 1.2, -17.1),0.9696485
(-1.8, 1.4, -17.1),0.9942559
(-1.8, 1.4, -17.1),0.9784871
(-2.0, 1.3, -17.1),0.9920952
(-5.7, 1.5, -22.5),0.03099667
(-1.7, 1.2, -17.1),0.8949003
(-1.8, 1.1, -17.1),0.9034587
(-1.8, 1.5, -17.1),0.9738634
(-1.7, 1.3, -17.1),0.9333511
(-1.8, 1.4, -17.1),0.9797965
(-1.8, 1.5, -17.1),0.9718898
(-1.8, 1.5, -17.1),0.9434533
(-1.7, 1.3, -17.1),0.9600231
(-1.8, 1.3, -17.1),0.9864817
(-1.6, 1.3, -17.1),0.8782915
(-1.6, 1.5, -17.1),0.8562753
(-1.8, 1.4, -17.1),0.984173
(-2.1, 1.5, -17.1),0.9484556
(-1.5, 1.4, -17.1),0.8597438
(-2.0, 1.2, -17.1),0.9468936
(-1.8, 1.4, -17.1),0.9810131
(-1.9, 1.4, -17.1),0.9986123
(-1.8, 1.3, -17.1),0.9690026
(-2.0, 1.2, -17.1),0.9365745
(-1.8, 1.6, -17.1),0.9222924
(-5.7, 1.0, -21.5),0.04120452
(-1.7, 1.4, -17.1),0.958567
(-1.8, 1.3, -17.1),0.9737971
(-1.9, 1.2, -17.1),0.9600646
(-1.8, 1.2, -17.1),0.9454907
(-1.8, 1.3, -17.1),0.9661556
(-1.8, 1.4, -17.1),0.9877469
(-1.8, 1.3, -17.1),0.9749593
(-2.0, 1.3, -17.1),0.9848115
(-1.9, 1.3, -17.1),0.9954398
(-1.6, 1.4, -17.1),0.9221204
(-2.0, 1.4, -17.1),0.9801623
(-1.9, 1.2, -17.1),0.9743798
(-1.9, 1.2, -17.1),0.9458326
(-1.8, 1.3, -17.1),0.9873574
(-1.8, 1.4, -17.1),0.9845276
(-1.7, 1.4, -17.1),0.9545593
(-1.7, 1.4, -17.1),0.9649485
(-1.7, 1.4, -17.1),0.9705492
(-1.9, 1.3, -17.1),0.9814584
(-1.8, 1.3, -17.1),0.9695901
(-1.8, 1.2, -17.1),0.9494335
(-1.6, 1.2, -17.1),0.8768641
(-1.6, 1.3, -17.1),0.8836738
(-2.0, 1.3, -17.1),0.975941
(-1.7, 1.2, -17.1),0.88728
(-2.0, 1.3, -17.1),0.9782283
(-1.9, 1.4, -17.1),0.9924457
(-1.6, 1.3, -17.1),0.8989232
(-2.0, 1.2, -17.1),0.9596543
(-1.8, 1.2, -17.1),0.9438763
(-1.7, 1.5, -17.1),0.929918
(-1.8, 1.2, -17.1),0.9508727
(-1.4, 1.2, -17.1),0.7881632
(-1.8, 1.4, -17.1),0.9957662
(-1.7, 1.3, -17.1),0.9297562
(-1.5, 1.4, -17.1),0.807709
(-5.7, 1.7, -21.8),0.04555687
(-1.5, 1.4, -17.1),0.8623965
(-5.7, 0.9, -21.6),0.03876336
(-1.9, 1.4, -17.1),0.9965005
(-2.0, 1.4, -17.1),0.9956036
(-1.7, 1.2, -17.1),0.9290112
(-1.7, 1.3, -17.1),0.9303805
(-1.8, 1.3, -17.1),0.9740592
(-5.7, 2.2, -20.8),0.0450106
(-2.0, 1.3, -17.1),0.9907352
(-1.7, 1.5, -17.1),0.9199563
(-1.7, 1.5, -17.1),0.907675
(-1.7, 1.3, -17.1),0.926742
(-2.0, 1.2, -17.1),0.9597461
(-1.8, 1.4, -17.1),0.9835492
(-1.8, 1.4, -17.1),0.9738708
(-1.8, 1.4, -17.1),0.9913783
(-1.9, 1.4, -17.1),0.9944566
(-1.8, 1.4, -17.1),0.9802093
(-1.8, 1.3, -17.1),0.9962105
(-2.1, 1.3, -17.1),0.9486375
(-1.8, 1.2, -17.1),0.9554489
(-1.8, 1.4, -17.1),0.98446
(-1.6, 1.2, -17.1),0.8757403
(-2.0, 1.3, -17.1),0.9676253
(-1.7, 1.4, -17.1),0.9623368
(-1.8, 1.3, -17.1),0.9800034
(-1.8, 1.3, -17.1),0.9917125
(-1.9, 1.2, -17.1),0.969102
(-1.6, 1.2, -17.1),0.8957805
(-2.0, 1.4, -17.1),0.9940239
(-1.9, 1.4, -17.1),0.9994693
(-1.5, 1.3, -17.1),0.8386711
(-1.8, 1.3, -17.1),0.9905732
(-1.8, 1.3, -17.1),0.9806486
(-1.7, 1.4, -17.1),0.9644827
(-1.8, 1.4, -17.1),0.9660374
(-1.9, 1.3, -17.1),0.9939623
(-1.7, 1.5, -17.1),0.9076955
(-1.9, 1.4, -17.1),0.9989387
(-1.9, 1.2, -17.1),0.960783
(-2.0, 1.2, -17.1),0.9489335
(-1.8, 1.3, -17.1),0.9850988
(-1.8, 1.3, -17.1),0.973431
(-1.7, 1.2, -17.1),0.885882
(-1.6, 1.3, -17.1),0.9159099
(-1.8, 1.4, -17.1),0.9803191
(-1.9, 1.3, -17.1),0.9981448
(-1.6, 1.4, -17.1),0.925566
(-1.7, 1.5, -17.1),0.9456163
(-1.8, 1.3, -17.1),0.9822342
(-1.7, 1.2, -17.1),0.930379
(-1.7, 1.3, -17.1),0.9498491
(-1.8, 1.3, -17.1),0.9945013
(-1.9, 1.3, -17.1),0.9956538
(-1.9, 1.4, -17.1),0.9970292
(-1.8, 1.4, -17.1),0.9879187
(-1.8, 1.3, -17.1),0.987165
(-1.8, 1.3, -17.1),0.9834249
(-2.0, 1.3, -17.1),0.9840634
(-2.1, 1.3, -17.1),0.9742854
(-1.8, 1.4, -17.1),0.9816757
(-1.6, 1.4, -17.1),0.9218998
(-1.8, 1.3, -17.1),0.9816932
(-1.8, 1.4, -17.1),0.9783334
(-1.9, 1.2, -17.1),0.9579238
(-1.8, 1.3, -17.1),0.9869586
(-1.8, 1.2, -17.1),0.9716111
(-1.9, 1.4, -17.1),0.9957294
(-1.8, 1.3, -17.1),0.9665365
(-1.8, 1.3, -17.1),0.9911492
(-1.6, 1.4, -17.1),0.8682356
(-1.9, 1.3, -17.1),0.9792565
(-1.7, 1.5, -17.1),0.9389085
(-1.7, 1.3, -17.1),0.9492344
(-1.8, 1.4, -17.1),0.9850792
(-1.7, 1.3, -17.1),0.9627035
(-1.8, 1.3, -17.1),0.9864624
(-1.8, 1.2, -17.1),0.9348869
(-1.8, 1.3, -17.1),0.9929214
(-1.8, 1.3, -17.1),0.9795681
(-1.9, 1.5, -17.1),0.983763
(-1.6, 1.2, -17.1),0.8925545
(-1.6, 1.3, -17.1),0.8664586
(-1.8, 1.4, -17.1),0.991715
(-1.8, 1.3, -17.1),0.9854038
(-2.0, 1.3, -17.1),0.988194
(-1.8, 1.3, -17.1),0.9903699
(-1.9, 1.3, -17.1),0.9968559
(-1.8, 1.4, -17.1),0.9841321
(-1.5, 1.3, -17.1),0.8428215
(-1.6, 1.3, -17.1),0.8896391
(-1.9, 1.4, -17.1),1
(-1.8, 1.5, -17.1),0.9660668
(-2.0, 1.4, -17.1),0.9738712
(-1.9, 1.3, -17.1),0.9926684
(-1.8, 1.3, -17.1),0.9839858
(-2.0, 1.5, -17.1),0.9775624
(-1.9, 1.3, -17.1),0.997124
(-2.0, 1.3, -17.1),0.99129
(-1.9, 1.3, -17.1),0.9954067
(-2.0, 1.2, -17.1),0.9627627
(-1.9, 1.2, -17.1),0.9707061
(-1.8, 1.3, -17.1),0.9901908
(-2.0, 1.4, -17.1),0.9919016
(-1.9, 1.3, -17.1),0.9988241
(-2.0, 1.4, -17.1),0.9925765
(-2.0, 1.4, -17.1),0.9965052
(-2.0, 1.3, -17.1),0.9794006
(-2.1, 1.4, -17.1),0.975423
(-2.0, 1.3, -17.1),0.9681899
(-2.1, 1.5, -17.2),0.9503593
(-5.7, 1.4, -21.3),0.04852989
(-2.1, 1.4, -17.2),0.9669197
(-2.0, 1.2, -17.1),0.9702651
(-1.9, 1.3, -17.1),0.9968266
(-5.2, 2.1, -22.9),0.02383236
(-2.0, 1.3, -17.1),0.9688593
(-2.1, 2.1, -22.9),0.02655401
(-5.7, 1.4, -21.6),0.04655925
(-2.0, 1.3, -17.1),0.974466
(-1.9, 1.2, -17.1),0.9759181
(-5.7, 0.7, -21.2),0.03823166
(-2.0, 1.3, -17.1),0.9821821
(-2.0, 1.4, -17.1),0.9873978
(-2.1, 1.4, -17.1),0.9730021
(-1.9, 1.3, -17.1),0.9893757
(-1.9, 1.3, -17.1),0.9973869
(-2.1, 1.3, -17.2),0.9525685
(-1.9, 1.3, -17.1),0.9944129
(-2.0, 1.3, -17.1),0.9607038
(-5.7, 1.5, -21.5),0.04780829
(-2.0, 1.4, -17.1),0.9863881
(-1.9, 1.3, -17.1),0.9972794
(-2.1, 1.4, -17.1),0.9709671
(-2.0, 1.4, -17.1),0.9878522
(-5.7, 1.8, -22.1),0.03868073
(-2.1, 1.3, -17.1),0.9677525
(-2.0, 1.4, -17.1),0.9908144
(-2.0, 1.3, -17.1),0.9946563
(-2.0, 1.3, -17.1),0.9684888
(-2.7, 2.2, -22.9),0.02528986
(-5.7, 2.3, -22.0),0.03607303
(-2.0, 1.3, -17.1),0.979715
(-1.9, 1.3, -17.1),0.9965723
(-2.0, 1.3, -17.1),0.9714921
(-3.7, 2.7, -22.9),0.01948073
(-2.0, 1.3, -17.1),0.9766768
(-2.0, 1.3, -17.1),0.985581
(-2.0, 1.3, -17.1),0.9784632
(-2.1, 1.3, -17.1),0.9619259
(-2.0, 1.3, -17.1),0.9859436
(-1.9, 1.2, -17.1),0.9638426
(-2.0, 1.3, -17.1),0.9830484
(-1.9, 1.3, -17.1),0.9990626
(-2.0, 1.4, -17.1),0.9974892
(-1.9, 1.3, -17.1),0.9968994
(-2.1, 1.4, -17.1),0.9702652
(-1.9, 1.3, -17.1),0.9992702
(-2.0, 1.3, -17.1),0.9878614
(-1.9, 0.0, -22.9),0.01554581
(-2.1, 1.2, -17.1),0.9443245
(-2.0, 1.4, -17.1),0.9908623
(-2.0, 1.3, -17.1),0.9766161
(-2.0, 1.3, -17.1),0.9871877
(-2.0, 2.1, -22.9),0.02649655
(-2.0, 1.3, -17.1),0.9892616
(-2.1, 1.4, -17.2),0.9581935
(-2.1, 1.3, -17.1),0.9697808
(-2.1, 1.4, -17.1),0.9743678
(-2.1, 1.3, -17.2),0.9559366
(-2.0, 1.3, -17.1),0.9752398
(-2.0, 1.3, -17.1),0.9742088
(-3.4, 2.0, -22.9),0.02233251
(-2.1, 1.4, -17.1),0.9706887
(-2.0, 1.4, -17.1),0.9941598
(-1.5, 2.2, -22.9),0.02113068
(-5.7, 0.7, -20.8),0.04090382
(-2.0, 1.3, -17.1),0.9873039
(-2.1, 1.4, -17.1),0.9752789
(-2.0, 1.3, -17.1),0.9778802
(-2.0, 1.3, -17.1),0.984206
(-4.0, 1.0, -22.9),0.01957778
(-2.0, 1.3, -17.1),0.9787961
(-1.4, 2.0, -22.9),0.02199767
(-2.0, 1.3, -17.1),0.9799744
(-2.0, 1.4, -17.1),0.9841765
(-2.2, 2.0, -22.9),0.02644413
(-2.1, 1.4, -17.3),0.9501998
(-2.1, 1.3, -17.2),0.9625582
(-5.7, 1.6, -21.9),0.04436117
(-2.1, 1.2, -17.2),0.9263517
(-5.7, 1.0, -22.3),0.02967037
(-2.1, 1.3, -17.2),0.948674
(-1.5, 1.4, -22.9),0.02174979
(-1.8, 2.0, -22.9),0.02505951
(-1.4, 1.0, -20.3),0.07159336
(-1.4, 1.4, -20.9),0.04893186
(-5.7, 2.4, -22.2),0.03151106
(-2.7, 2.1, -22.9),0.02541252
(-1.4, 1.1, -20.8),0.05242366
(-1.5, 2.7, -20.3),0.06007624
(-1.7, 1.9, -22.9),0.02431134
(-4.7, 0.6, -22.9),0.01738911
(-1.4, 1.3, -18.9),0.2406392
(-2.1, 2.0, -22.9),0.02660258
(-5.4, 2.0, -22.9),0.02381548
(-5.7, 1.8, -21.0),0.04973001
(-1.4, 2.7, -20.5),0.05297515
(-1.4, 1.1, -18.3),0.3782869
(-1.7, 1.1, -22.9),0.02137674
(-1.4, 1.9, -18.9),0.232713
(-3.7, 2.7, -23.0),0.01935417
(-5.7, 1.8, -21.8),0.04479465
(-1.4, 0.4, -20.9),0.04098152
(-5.7, 1.9, -21.0),0.04918411
(-2.9, 0.0, -22.9),0.01521611
(-5.7, 2.2, -21.9),0.03794972
(-1.4, 0.9, -18.9),0.2285987
(-1.4, 0.4, -21.9),0.02269188
(-1.4, 2.0, -18.8),0.2327937
(-5.7, 1.7, -21.7),0.04648309
(-5.7, 1.9, -21.7),0.04472418
(-4.7, 1.9, -22.9),0.02301268
(-5.7, 1.5, -21.2),0.05014488
(-2.1, 0.0, -22.9),0.01604763
(-1.4, 1.1, -20.9),0.04822158
(-2.6, 2.1, -22.9),0.02577585
(-1.4, 1.1, -19.3),0.1674401
(-1.4, 1.6, -19.9),0.1043623
(-2.4, 0.0, -22.9),0.01594693
(-1.4, 2.0, -19.5),0.1342863
(-4.2, 2.1, -22.9),0.0218713
(-1.4, 2.7, -19.1),0.152746
(-5.7, 0.8, -21.0),0.04247074
(-5.7, 2.1, -20.7),0.04688769
(-1.4, 1.2, -22.9),0.02034559
(-5.7, 1.4, -22.1),0.03737431
(-2.1, 1.6, -17.2),0.904847
(-2.2, 2.0, -17.2),0.7609047
(-2.1, 2.0, -17.2),0.7580768
(-2.2, 2.0, -17.2),0.7563124
(-2.1, 1.6, -17.2),0.9151484
(-2.3, 2.0, -17.2),0.7420992
(-2.1, 2.0, -17.2),0.7614427
(-2.3, 2.0, -17.2),0.7502112
(-2.2, 2.0, -17.2),0.7607378
(-2.2, 2.0, -17.2),0.7581712
(-2.1, 1.6, -17.2),0.9059897
(-2.1, 2.0, -17.2),0.7581335
(-2.2, 2.0, -17.2),0.7598779
(-2.1, 1.5, -17.2),0.9521127
(-1.4, 2.7, -16.6),0.3622619
(-2.1, 2.0, -17.2),0.762294
(-2.1, 1.8, -17.2),0.8321764
(-2.1, 1.8, -17.2),0.8631642
(-2.1, 1.7, -17.3),0.8812243
(-2.1, 2.0, -17.2),0.7620156
(-2.3, 2.0, -17.2),0.7380107
(-2.1, 1.6, -17.2),0.9142714
(-2.4, 2.0, -17.2),0.7305003
(-2.1, 1.5, -17.2),0.9468035
(-2.4, 2.0, -17.2),0.7194545
(-2.1, 2.0, -17.2),0.7614621
(-2.1, 1.6, -17.2),0.9103293
(-2.2, 2.0, -17.2),0.7540222
(-2.2, 2.0, -17.2),0.7573771
(-2.5, 2.0, -17.3),0.6914602
(-2.1, 1.6, -17.2),0.9130583
(-2.3, 2.0, -17.2),0.7425289
(-2.3, 2.0, -17.2),0.749403
(-2.2, 2.0, -17.2),0.7553912
(-2.1, 2.0, -17.2),0.7614343
(-2.1, 1.7, -17.2),0.8712971
(-2.1, 2.0, -17.2),0.7621937
(-2.4, 2.0, -17.3),0.7257469
(-3.7, 1.9, -8.2),0.6091993
(-5.8, 1.6, -13.4),0.04909628
(-4.0, 1.4, -8.2),0.6965662
(-4.8, 2.3, -8.2),0.3605813
(-3.6, 1.9, -8.2),0.5952097
(-4.0, 2.5, -8.2),0.4103863
(-3.7, 2.5, -8.2),0.4070129
(-5.8, 2.5, -14.3),0.06237003
(-5.2, 2.4, -8.2),0.2801805
(-2.1, 1.1, -17.2),0.8726967
(-1.4, 0.1, -16.8),0.3253895
(-2.1, 1.1, -17.2),0.8789545
(-2.1, 0.9, -17.2),0.796603
(-2.1, 0.9, -17.2),0.7586019
(-2.8, 0.4, -17.2),0.4220417
(-2.1, 0.9, -17.2),0.7565748
(-2.1, 1.0, -17.2),0.8095798
(-2.1, 0.8, -17.2),0.6938375
(-2.1, 1.0, -17.3),0.8389726
(-2.1, 0.8, -17.2),0.7014087
(-2.1, 0.3, -17.2),0.4674409
(-2.1, 1.1, -17.1),0.889318
(-2.1, 1.1, -17.2),0.8965943
(-2.1, 1.1, -17.3),0.8643772
(-2.1, 1.0, -17.2),0.8258802
(-2.8, 0.1, -17.2),0.3287952
(-2.1, 0.2, -17.3),0.4537437
(-2.1, 1.2, -17.2),0.9175674
(-2.8, 0.7, -17.2),0.5089515
(-2.1, 1.0, -17.2),0.8509389
(-1.5, 0.1, -16.2),0.262625
(-1.4, 0.2, -14.9),0.1177162
(-1.4, 1.1, -13.9),0.07834029
(-1.4, 0.1, -13.9),0.05952088
(-4.4, 2.1, -8.2),0.4871772
(-1.8, 2.1, -8.2),0.3970904
(-5.7, 1.9, -8.2),0.2598117
(-1.4, 1.6, -14.9),0.1641254
(-3.5, 2.3, -8.2),0.4891899
(-2.1, 1.4, -17.1),0.9636105
(-2.1, 1.5, -17.2),0.9548764
(-2.4, 2.0, -17.3),0.7112116
(-2.1, 1.5, -17.2),0.9505197
(-2.2, 2.0, -17.2),0.7577938
(-2.7, 2.0, -17.2),0.6619121
(-2.1, 1.6, -17.2),0.9370945
(-2.1, 1.5, -17.2),0.9526852
(-2.2, 2.0, -17.2),0.7556218
(-2.8, 2.0, -17.2),0.6367862
(-2.4, 2.0, -17.3),0.7245951
(-2.3, 2.0, -17.2),0.739697
(-2.1, 1.5, -17.2),0.9551017
(-1.4, 2.7, -16.7),0.3666803
(-2.4, 2.0, -17.2),0.7286511
(-2.6, 2.0, -17.2),0.6743873
(-2.4, 2.0, -17.2),0.7267102
(-2.3, 2.0, -17.2),0.7434055
(-2.1, 1.6, -17.1),0.9350163
(-2.2, 2.0, -17.2),0.7572902
(-2.3, 2.0, -17.3),0.7339082
(-2.2, 2.0, -17.2),0.7548668
(-2.4, 2.0, -17.2),0.7354366
(-2.1, 1.5, -17.2),0.9538338
(-2.4, 2.0, -17.2),0.7291898
(-2.3, 2.0, -17.2),0.7472082
(-2.1, 1.5, -17.2),0.9597008
(-2.2, 2.0, -17.2),0.7566928
(-2.2, 2.0, -17.2),0.7588141
(-2.1, 1.6, -17.2),0.9218463
(-2.2, 2.0, -17.2),0.7608106
(-2.1, 1.5, -17.3),0.9458955
(-2.1, 1.5, -17.2),0.9466424
(-2.1, 1.6, -17.3),0.9084272
(-2.1, 1.7, -17.2),0.8966657
(-2.1, 1.5, -17.2),0.9527863
(-2.3, 2.0, -17.1),0.7434864
(-2.1, 1.6, -17.2),0.9363161
(-2.3, 2.0, -17.3),0.7334164
(-2.1, 1.4, -17.2),0.9609767
(-2.1, 1.4, -17.2),0.9668931
(-2.1, 1.5, -17.2),0.9453833
(-2.1, 1.5, -17.2),0.9489399
(-1.4, 2.4, -18.9),0.2045182
(-2.1, 1.3, -17.2),0.9514304
(-2.1, 1.4, -17.3),0.9495015
(-2.1, 1.3, -17.2),0.9525224
(-2.1, 1.3, -17.3),0.947107
(-2.1, 1.4, -17.2),0.9613152
(-2.1, 1.4, -17.3),0.9550397
(-2.1, 1.4, -17.2),0.9669612
(-1.4, 2.7, -18.6),0.2150927
(-2.1, 1.4, -17.3),0.9503154
(-1.4, 2.5, -20.9),0.04189208
(-2.1, 1.3, -17.3),0.9456134
(-2.1, 1.4, -17.3),0.9541203
(-2.1, 1.4, -17.2),0.9578319
(-2.1, 1.5, -17.3),0.9478391
(-1.4, 1.7, -17.9),0.5250742
(-2.1, 1.4, -17.3),0.9512975
(-2.1, 1.5, -17.3),0.9353707
(-2.1, 1.4, -17.3),0.9530411
(-2.1, 1.4, -17.2),0.9631093
(-2.1, 1.3, -17.2),0.9526104
(-1.4, 2.1, -17.9),0.4573743
(-1.4, 1.7, -18.9),0.2415295
(-2.1, 1.5, -17.2),0.9400475
(-2.1, 1.4, -17.3),0.9527879
(-2.1, 1.4, -17.2),0.9652912
(-2.1, 1.4, -17.2),0.964704
(-1.4, 2.0, -18.2),0.3902411
(-2.1, 1.4, -17.2),0.9587119
(-1.5, 2.7, -17.9),0.325536
(-2.1, 1.4, -17.2),0.9593858
(-2.1, 1.4, -17.3),0.9476166
(-2.1, 1.3, -17.2),0.9545053
(-1.4, 2.1, -17.9),0.4603627
(-2.1, 1.4, -17.2),0.9539663
(-2.1, 1.1, -17.2),0.8554626
(-2.1, 0.8, -17.2),0.7266169
(-2.1, 0.6, -17.2),0.6304632
(-2.1, 0.8, -17.2),0.7187232
(-2.1, 1.0, -17.2),0.8269292
(-2.1, 0.8, -17.2),0.7133361
(-2.1, 0.7, -17.2),0.6730526
(-2.1, 0.9, -17.2),0.7878468
(-2.1, 1.1, -17.3),0.8511707
(-5.8, 0.0, -14.9),0.04308904
(-5.7, 2.3, -18.2),0.1079937
(-2.8, 1.6, -17.2),0.7025635
(-5.8, 1.9, -13.8),0.05910267
(-5.7, 1.8, -18.5),0.104327
(-2.8, 1.7, -17.2),0.6939348
(-2.5, 2.0, -17.2),0.6975335
(-2.8, 1.7, -17.2),0.6933738
(-2.6, 2.0, -17.2),0.6777193
(-2.8, 1.7, -17.3),0.6888075
(-2.6, 2.0, -17.2),0.6803089
(-5.7, 2.3, -18.4),0.09962714
(-5.7, 2.2, -18.8),0.0874716
(-5.7, 0.6, -18.4),0.08736743
(-2.8, 1.6, -17.2),0.7017768
(-5.7, 2.1, -18.3),0.1092445
(-5.7, 0.7, -18.9),0.07504525
(-5.7, 0.7, -18.8),0.07904703
(-5.7, 0.0, -19.1),0.05230621
(-2.8, 1.0, -17.2),0.6215768
(-5.7, 0.3, -18.1),0.08153086
(-2.8, 0.9, -17.2),0.5827907
(-5.7, 0.5, -21.0),0.03618208
(-2.1, 0.8, -17.3),0.6993029
(-5.7, 0.5, -17.7),0.09535456
(-18.7, 2.2, -14.5),0.05488197
(-2.8, 1.2, -17.2),0.6540216
(-12.4, 0.5, -15.1),0.01088765
(-2.8, 1.2, -17.2),0.6652027
(-2.8, 1.2, -17.2),0.6669993
(-2.8, 1.1, -17.1),0.6499814
(-5.8, 2.5, -15.1),0.07702541
(-5.8, 1.2, -15.0),0.07710838
(-5.7, 1.7, -18.4),0.108147
(-11.7, 1.3, -14.3),0.01577331
(-2.8, 1.2, -17.2),0.6602125
(-11.7, 0.8, -13.5),0.01157987
(-2.8, 1.5, -17.2),0.7047591
(-5.7, 0.6, -17.8),0.1009438
(-12.2, 2.4, -15.0),0.0155504
(-5.8, 1.3, -14.9),0.08086448
(-5.7, 2.5, -18.6),0.08959829
(-5.7, 2.6, -18.4),0.09234583
(-5.7, 1.2, -17.8),0.1183453
(-5.7, 2.1, -18.1),0.1146729
(-2.8, 1.7, -17.2),0.6889216
(-2.8, 1.6, -17.3),0.6965053
(-2.8, 2.0, -17.2),0.6346603
(-5.7, 2.3, -18.0),0.1121181
(-5.7, 2.0, -19.0),0.08580854
(-2.7, 2.0, -17.2),0.6410478
(-2.7, 2.0, -17.2),0.6401802
(-2.8, 1.7, -17.2),0.6928592
(-2.8, 1.9, -17.2),0.6450327
(-5.7, 2.4, -18.0),0.108205
(-2.8, 1.7, -17.2),0.6974779
(-2.8, 1.5, -17.2),0.702524
(-2.8, 1.7, -17.2),0.6917284
(-2.8, 1.9, -17.2),0.6455212
(-2.8, 1.7, -17.2),0.6927106
(-2.8, 1.7, -17.2),0.688203
(-2.8, 1.6, -17.2),0.6989445
(-2.8, 1.5, -17.2),0.7049314
(-2.8, 1.7, -17.2),0.689668
(-5.8, 2.7, -15.3),0.07164758
(-2.8, 1.7, -17.2),0.6981987
(-2.8, 1.9, -17.2),0.6620619
(-2.8, 2.0, -17.2),0.636341
(-2.8, 1.9, -17.2),0.6593042
(-2.8, 1.7, -17.2),0.6871086
(-2.8, 1.4, -17.3),0.6969646
(-2.8, 1.8, -17.2),0.6831914
(-2.8, 1.6, -17.3),0.6991084
(-2.8, 1.9, -17.2),0.666007
(-2.8, 1.6, -17.2),0.7009031
(-2.8, 1.7, -17.2),0.6888162
(-2.8, 1.9, -17.2),0.6523346
(-2.8, 1.7, -17.1),0.6959191
(-11.7, 2.1, -13.9),0.01707466
(-5.8, 1.5, -14.9),0.08273442
(-2.8, 1.5, -17.2),0.7041029
(-5.7, 2.7, -18.2),0.09244289
(-5.7, 1.8, -18.0),0.1210257
(-5.7, 2.4, -19.7),0.05924797
(-5.7, 1.7, -18.1),0.118693
(-2.8, 1.6, -17.2),0.7023595
(-5.7, 2.4, -18.5),0.09576504
(-2.8, 1.5, -17.2),0.7044586
(-5.7, 2.3, -19.2),0.0742369
(-5.8, 2.7, -14.4),0.06034037
(-5.8, 2.0, -15.0),0.08620381
(-11.7, 1.3, -14.1),0.01608055
(-2.8, 1.3, -17.1),0.690958
(-5.7, 1.9, -17.9),0.124593
(-5.7, 2.6, -20.0),0.04731028
(-11.7, 1.7, -13.7),0.01724761
(-2.8, 1.4, -17.2),0.7008817
(-2.8, 1.7, -17.3),0.6835572
(-2.8, 1.5, -17.2),0.7010039
(-19.0, 1.1, -15.0),0.03596168
(-5.7, 1.9, -17.9),0.1238949
(-5.7, 2.0, -17.7),0.1245302
(-2.8, 1.6, -17.2),0.701847
(-2.8, 1.5, -17.2),0.7048454
(-5.8, 2.1, -13.3),0.04697387
(-2.8, 1.4, -17.2),0.693611
(-5.7, 1.6, -18.7),0.09732227
(-5.7, 1.6, -19.5),0.06789053
(-5.7, 1.9, -18.3),0.1121068
(-5.7, 0.3, -18.3),0.08056007
(-2.8, 1.2, -17.2),0.6758159
(-2.8, 1.4, -17.1),0.6928322
(-2.8, 1.4, -17.2),0.6994752
(-2.8, 1.4, -17.1),0.6995312
(-5.7, 2.2, -17.8),0.1172876
(-2.8, 1.6, -17.2),0.7018385
(-2.8, 1.2, -17.2),0.6609479
(-5.7, 2.0, -17.9),0.1212901
(-5.8, 1.7, -14.1),0.0681252
(-2.8, 1.5, -17.2),0.705081
(-5.8, 2.6, -13.9),0.05215473
(-2.8, 1.4, -17.2),0.7021998
(-2.8, 1.5, -17.2),0.704877
(-5.7, 2.3, -19.4),0.06616163
(-2.8, 1.3, -17.2),0.6807317
(-5.7, 1.4, -18.6),0.09795599
(-2.8, 1.2, -17.3),0.6642838
(-2.8, 1.5, -17.2),0.70512
(-5.7, 0.5, -18.0),0.09331913
(-2.8, 1.4, -17.2),0.7006639
(-5.7, 1.7, -17.8),0.1260883
(-5.8, 2.0, -14.9),0.08610259
(-5.8, 2.4, -13.9),0.05713091
(-2.8, 1.5, -17.2),0.7020621
(-5.8, 2.0, -14.7),0.08331081
(-2.8, 1.7, -17.2),0.6918187
(-2.8, 1.6, -17.1),0.7028096
(-5.7, 2.3, -18.6),0.09456471
(-2.8, 1.6, -17.2),0.703337
(-5.7, 1.5, -18.0),0.118681
(-11.7, 1.9, -13.5),0.01648024
(-2.8, 1.4, -17.2),0.6978231
(-2.8, 1.4, -17.2),0.7032402
(-5.7, 0.9, -19.4),0.06429224
(-5.7, 1.8, -19.4),0.07381361
(-11.7, 1.1, -13.7),0.01408792
(-2.8, 1.6, -17.2),0.7010649
(-2.8, 1.5, -17.1),0.7030455
(-5.8, 1.5, -14.5),0.07355076
(-5.8, 2.1, -14.8),0.08301799
(-5.7, 0.3, -18.4),0.07643799
(-5.8, 2.0, -14.0),0.06467526
(-5.8, 2.1, -14.8),0.08331245
(-5.8, 2.1, -14.6),0.07884639
(-5.8, 1.6, -14.7),0.08032617
(-2.8, 1.4, -17.2),0.7018912
(-2.9, 1.4, -17.1),0.6524267
(-3.2, 1.5, -17.1),0.5325928
(-5.7, 1.9, -19.5),0.07054262
(-4.0, 0.9, -17.1),0.2858634
(-2.8, 1.4, -17.2),0.7030351
(-3.7, 1.4, -17.1),0.3735236
(-2.8, 1.4, -17.2),0.6983588
(-5.8, 2.4, -13.5),0.0487201
(-5.8, 1.3, -15.0),0.08029035
(-5.8, 2.3, -14.7),0.07623924
(-5.7, 1.9, -19.4),0.07302164
(-3.7, 1.1, -17.1),0.37067
(-2.8, 1.4, -17.2),0.7003883
(-3.4, 2.2, -17.1),0.4120858
(-3.4, 1.1, -17.1),0.4323209
(-3.1, 1.5, -17.1),0.579999
(-5.8, 2.5, -15.3),0.07858451
(-2.8, 1.6, -17.2),0.6989675
(-5.7, 0.6, -19.3),0.06168584
(-5.8, 1.7, -14.5),0.07864926
(-4.2, 1.5, -17.1),0.2761545
(-5.8, 2.0, -13.9),0.06112774
(-2.8, 1.5, -17.1),0.6902093
(-5.8, 1.9, -15.1),0.08757699
(-3.7, 1.6, -17.1),0.3956311
(-5.8, 1.2, -14.8),0.07270893
(-4.3, 1.9, -17.1),0.2638736
(-5.8, 1.5, -14.4),0.07390937
(-3.0, 1.4, -17.1),0.6157372
(-11.8, 2.7, -14.6),0.01382533
(-7.1, 0.9, -17.1),0.05125688
(-4.1, 0.9, -17.1),0.2653588
(-3.9, 1.8, -17.1),0.3495374
(-5.8, 2.2, -15.2),0.08432078
(-5.8, 2.6, -15.3),0.07532027
(-3.2, 1.4, -17.1),0.5506116
(-5.8, 2.1, -13.3),0.04890154
(-3.1, 1.2, -17.1),0.5502614
(-2.8, 1.3, -17.2),0.6881628
(-5.8, 2.1, -14.7),0.08163717
(-3.2, 1.5, -17.1),0.5511089
(-3.2, 1.7, -17.1),0.545207
(-3.1, 1.4, -17.1),0.5625456
(-3.2, 1.1, -17.1),0.5182894
(-4.3, 1.4, -17.1),0.2694919
(-5.8, 2.2, -14.5),0.07519963
(-4.3, 1.5, -17.1),0.2623435
(-11.7, 2.7, -13.5),0.01319629
(-5.8, 1.3, -15.0),0.08009909
(-5.7, 1.1, -17.1),0.1244912
(-5.1, 1.6, -17.1),0.1760252
(-11.7, 1.7, -13.5),0.01677231
(-5.6, 1.4, -17.1),0.1342053
(-5.9, 1.2, -17.1),0.1164583
(-4.7, 1.5, -17.1),0.2117824
(-5.1, 1.3, -17.1),0.1706273
(-4.9, 1.2, -17.1),0.1881825
(-5.4, 1.5, -17.1),0.1499613
(-8.6, 1.3, -17.1),0.02457689
(-5.7, 1.1, -17.1),0.1212926
(-5.0, 1.4, -17.1),0.1814231
(-6.6, 1.5, -17.1),0.0836449
(-8.3, 1.7, -17.1),0.02748884
(-11.7, 1.8, -13.5),0.01697318
(-11.7, 2.4, -13.2),0.01255338
(-6.8, 2.1, -17.1),0.06964947
(-8.3, 1.1, -17.1),0.02731832
(-9.0, 0.7, -17.1),0.01653757
(-7.3, 1.8, -17.1),0.0499311
(-6.6, 1.3, -17.1),0.07764606
(-6.8, 1.6, -17.1),0.07004108
(-11.5, 2.1, -17.1),0.01718799
(-13.4, 1.9, -17.2),0.01968826
(-16.0, 2.1, -8.2),0.2278337
(-8.7, 1.8, -17.1),0.02371059
(-8.8, 1.7, -17.1),0.02249805
(-10.3, 2.5, -17.1),0.01423967
(-10.7, 2.0, -17.2),0.01809167
(-9.2, 1.2, -17.1),0.01839394
(-11.9, 2.1, -14.7),0.01636662
(-10.7, 1.7, -17.2),0.01849041
(-9.3, 1.7, -17.1),0.01863616
(-10.7, 1.7, -17.2),0.01863801
(-10.8, 2.6, -17.1),0.01479847
(-11.7, 2.7, -13.8),0.01377864
(-10.7, 1.8, -17.2),0.01866545
(-11.2, 2.2, -17.8),0.01389086
(-13.4, 1.2, -17.3),0.01769301
(-11.7, 1.7, -17.1),0.01654396
(-10.9, 1.6, -17.1),0.01784785
(-19.0, 0.9, -15.0),0.03242575
(-11.6, 2.2, -17.1),0.01656398
(-11.3, 1.5, -17.1),0.01695189
(-12.1, 2.4, -17.1),0.01444916
(-12.8, 2.4, -15.1),0.0155597
(-15.2, 0.7, -17.1),0.0256223
(-18.7, 2.5, -15.0),0.04055774
(-12.5, 1.3, -15.1),0.01563639
(-12.2, 1.2, -17.1),0.01401156
(-12.9, 1.7, -15.1),0.01694449
(-16.4, 0.8, -17.1),0.02756638
(-18.7, 2.4, -13.5),0.05315129
(-13.8, 1.5, -17.1),0.02311277
(-15.5, 2.1, -17.1),0.04045304
(-18.7, 1.3, -14.7),0.0463084
(-15.5, 0.8, -17.1),0.02798953
(-18.7, 2.1, -14.5),0.05429641
(-16.5, 0.3, -17.1),0.01998608
(-18.7, 1.8, -14.7),0.05197509
(-14.7, 1.8, -17.1),0.03310236
(-14.6, 1.8, -17.1),0.03188801
(-16.3, 0.8, -17.1),0.02867445
(-18.7, 0.0, -12.6),0.0333896
(-15.1, 1.0, -17.1),0.03039
(-18.7, 2.6, -14.7),0.04506831
(-18.7, 2.6, -14.5),0.04578793
(-14.8, 2.6, -17.1),0.02585489
(-15.3, 1.4, -17.1),0.03945671
(-13.7, 1.5, -17.1),0.02248808
(-14.2, 2.1, -17.1),0.02589454
(-15.2, 1.9, -17.1),0.0382957
(-14.1, 2.5, -17.1),0.02177138
(-16.0, 2.4, -17.1),0.03685196
(-14.1, 1.4, -17.1),0.02526968
(-13.8, 2.2, -17.1),0.02243651
(-18.7, 2.5, -14.7),0.04689706
(-14.5, 1.4, -17.1),0.0291195
(-16.3, 1.9, -17.1),0.04378375
(-17.9, 1.9, -17.1),0.02754946
(-16.3, 1.8, -17.2),0.04317016
(-15.2, 1.4, -17.1),0.03725401
(-18.7, 1.9, -11.6),0.06102774
(-18.2, 1.7, -17.1),0.02599142
(-17.8, 1.0, -17.1),0.02351846
(-18.7, 0.5, -12.9),0.04262125
(-18.7, 1.0, -14.2),0.04777861
(-16.6, 1.8, -17.5),0.03858785
(-18.7, 2.5, -12.8),0.04993058
(-18.7, 1.4, -14.3),0.05422816
(-18.7, 1.5, -13.9),0.05859018
(-18.7, 1.7, -14.0),0.0601034
(-17.6, 2.4, -17.1),0.02669287
(-18.7, 2.3, -13.9),0.05646235
(-18.7, 1.8, -14.0),0.06073041
(-21.7, 2.6, -17.1),0.005009983
(-15.7, 2.2, -17.1),0.03931032
(-16.3, 1.9, -17.2),0.04385577
(-18.9, 1.3, -17.3),0.01820329
(-15.4, 1.6, -17.1),0.04117548
(-18.7, 1.6, -13.3),0.06044008
(-17.4, 1.9, -17.1),0.03121397
(-20.6, 2.5, -15.0),0.01645539
(-18.7, 1.6, -14.5),0.0552045
(-15.3, 1.7, -17.1),0.04115675
(-24.3, 0.4, -17.2),0.000713601
(-16.9, 1.9, -17.1),0.03588388
(-18.7, 0.5, -11.9),0.0444785
(-26.3, 2.5, -15.6),0
(-21.0, 1.7, -15.0),0.01237061
(-18.7, 1.1, -13.7),0.05324174
(-17.8, 0.7, -17.1),0.02016393
(-18.7, 0.5, -13.9),0.03886529
(-18.7, 0.7, -12.3),0.04743239
(-18.7, 1.9, -13.5),0.06053912
(-15.6, 1.6, -17.1),0.04123555
(-16.3, 1.9, -17.1),0.04404001
(-15.2, 1.5, -17.1),0.03939745
(-16.6, 2.5, -17.1),0.03402209
(-21.7, 1.1, -17.2),0.005191674
(-19.3, 2.2, -17.1),0.01890547
(-18.7, 2.0, -13.3),0.05971214
(-15.4, 1.9, -17.1),0.04045767
(-18.6, 2.2, -17.1),0.02379937
(-16.5, 2.2, -17.1),0.03908894
(-18.5, 2.4, -17.1),0.02320937
(-18.7, 2.4, -14.5),0.05074294
(-19.0, 1.7, -17.1),0.02052537
(-21.7, 1.9, -17.1),0.005965294
(-15.2, 1.7, -17.1),0.03978472
(-18.8, 2.4, -17.1),0.02225397
(-16.2, 2.0, -17.1),0.04346307
(-22.5, 1.2, -17.1),0.003582769
(-15.7, 2.0, -17.1),0.04173058
(-16.5, 2.1, -17.1),0.04189708
(-18.2, 1.5, -17.1),0.02553984
(-18.7, 2.2, -12.7),0.05523561
(-18.7, 1.4, -13.7),0.05807512
(-20.4, 2.5, -17.1),0.009780737
(-15.3, 1.5, -17.1),0.03936885
(-18.7, 0.3, -13.3),0.03665853
(-16.3, 1.8, -17.1),0.0436392
(-18.7, 1.9, -14.2),0.05948873
(-18.7, 2.3, -13.9),0.05616524
(-16.6, 2.2, -17.7),0.03417951
(-18.7, 2.1, -14.3),0.05793231
(-18.5, 2.3, -17.1),0.02385239
(-18.7, 2.7, -12.9),0.04487184
(-16.3, 1.9, -17.1),0.04392622
(-15.5, 2.3, -17.1),0.03636762
(-18.7, 0.7, -13.6),0.04660827
(-15.8, 2.3, -17.1),0.03781666
(-16.6, 2.4, -17.1),0.03592172
(-18.7, 2.4, -11.4),0.05680728
(-18.7, 1.9, -14.4),0.05798341
(-18.7, 2.1, -13.7),0.05937267
(-16.6, 2.1, -17.7),0.0341819
(-19.3, 2.4, -8.2),0.0962846
(-19.3, 2.3, -17.1),0.01799005
(-18.7, 1.3, -13.3),0.05813106
(-16.6, 1.8, -17.7),0.03512095
(-18.7, 1.0, -12.5),0.05221299
(-16.5, 1.9, -17.1),0.04225099
(-18.7, 0.7, -14.1),0.04289699
(-18.7, 1.7, -14.3),0.05771822
(-18.7, 1.4, -14.1),0.05692414
(-18.7, 0.7, -13.5),0.04580523
(-18.7, 1.7, -14.7),0.05126879
(-18.7, 2.5, -14.2),0.05175867
(-17.3, 1.0, -17.1),0.02608007
(-18.7, 1.7, -12.9),0.05934256
(-18.7, 0.7, -12.6),0.04775428
(-18.7, 2.3, -14.2),0.05673335
(-18.7, 1.3, -13.1),0.05746755
(-17.9, 2.3, -8.2),0.201251
(-13.4, 1.9, -14.6),0.01619535
(-18.7, 1.0, -11.4),0.0577281
(-18.7, 2.0, -13.1),0.0596558
(-13.4, 1.9, -14.5),0.01608904
(-17.6, 1.1, -8.2),0.2538039
(-18.7, 0.4, -10.7),0.05386003
(-18.4, 1.7, -8.2),0.1769257
(-19.2, 2.5, -8.2),0.1003375
(-18.7, 2.1, -11.5),0.05998829
(-18.1, 1.4, -8.2),0.2048487
(-18.7, 0.8, -12.7),0.04897647
(-16.8, 1.5, -8.2),0.3365404
(-18.5, 2.0, -8.2),0.1610958
(-19.4, 2.0, -7.6),0.09133324
(-18.7, 2.1, -12.0),0.05631153
(-18.7, 0.1, -12.3),0.03627391
(-16.6, 2.6, -8.2),0.2201029
(-19.4, 2.0, -8.2),0.1007479
(-13.5, 1.4, -14.4),0.01506367
(-13.4, 2.5, -14.5),0.01343401
(-13.5, 1.3, -14.4),0.01447567
(-18.6, 2.0, -8.2),0.1516075
(-18.7, 2.0, -11.5),0.06134935
(-18.7, 1.3, -13.2),0.05772212
(-18.7, 1.8, -13.1),0.0607587
(-17.8, 1.3, -8.2),0.2411001
(-19.4, 0.8, -7.2),0.06834749
(-18.7, 1.7, -12.7),0.05796197
(-16.9, 2.6, -8.2),0.2150579
(-14.5, 2.4, -8.2),0.0805424
(-18.7, 0.8, -10.2),0.06891508
(-16.6, 0.4, -6.0),0.05571247
(-18.7, 1.2, -10.7),0.06913531
(-20.1, 2.3, -8.2),0.06359598
(-16.0, 2.6, -8.2),0.1787197
(-16.3, 2.4, -8.2),0.2347246
(-16.4, 1.4, -8.2),0.29521
(-18.7, 1.9, -13.0),0.05986295
(-14.6, 2.6, -8.2),0.07886919
(-14.2, 2.0, -8.2),0.06765194
(-18.7, 1.0, -13.3),0.05265711
(-18.7, 2.4, -10.9),0.06179034
(-18.7, 0.7, -10.6),0.06182531
(-17.8, 2.1, -8.2),0.2209764
(-18.7, 2.3, -15.0),0.04091343
(-17.4, 1.0, -8.2),0.2657312
(-17.9, 0.7, -8.2),0.1877991
(-18.7, 0.7, -11.0),0.05840503
(-18.7, 2.5, -10.7),0.06011032
(-18.7, 2.2, -14.3),0.05721081
(-14.5, 1.4, -8.2),0.07862203
(-20.2, 2.6, -15.0),0.02064974
(-18.7, 1.7, -14.8),0.04922302
(-18.7, 1.4, -14.6),0.05038277
(-18.7, 2.5, -14.1),0.05301556
(-14.0, 2.1, -8.2),0.05763152
(-18.7, 1.1, -14.6),0.04429991
(-18.7, 2.5, -14.5),0.04944255
(-14.0, 2.5, -8.2),0.05101449
(-18.7, 2.1, -13.9),0.0594109
(-18.7, 1.1, -10.7),0.06781218
(-15.2, 2.6, -8.2),0.1137042
(-15.6, 2.1, -8.2),0.1724484
(-17.4, 2.5, -8.2),0.2174591
(-15.2, 2.6, -8.2),0.1152405
(-18.7, 2.1, -13.0),0.05775447
(-18.7, 0.9, -11.7),0.05340232
(-18.2, 2.6, -8.2),0.1454352
(-19.4, 1.6, -7.2),0.07993273
(-14.1, 2.6, -8.2),0.05325398
(-14.3, 2.2, -8.2),0.07302472
(-18.7, 0.6, -10.9),0.05753875
(-18.7, 2.3, -12.6),0.05416715
(-18.7, 2.1, -13.2),0.05883695
(-19.4, 1.9, -6.2),0.04518702
(-17.9, 2.3, -8.2),0.2037735
(-18.7, 1.2, -12.3),0.05384122
(-14.8, 0.8, -8.2),0.08588033
(-14.5, 2.3, -8.2),0.08408479
(-19.8, 2.3, -8.2),0.07409704
(-18.7, 2.7, -11.6),0.04742945
(-18.7, 2.0, -12.8),0.05758264
(-19.4, 1.9, -6.7),0.05983579
(-18.8, 2.4, -8.2),0.1224696
(-19.6, 1.7, -8.2),0.09229139
(-19.4, 1.4, -7.3),0.08103665
(-18.7, 1.5, -10.9),0.06893118
(-18.8, 2.0, -8.1),0.1351054
(-20.0, 2.6, -8.2),0.05965671
(-19.4, 1.4, -6.8),0.0648842
(-14.2, 1.6, -8.2),0.06705208
(-17.3, 1.2, -8.2),0.2953548
(-18.0, 2.5, -8.2),0.176339
(-15.2, 0.1, -8.2),0.07899834
(-14.8, 2.1, -8.2),0.1038986
(-15.4, 2.6, -8.2),0.1326131
(-15.7, 2.6, -8.2),0.1563281
(-14.9, 2.1, -8.2),0.1118152
(-17.3, 2.0, -8.2),0.27989
(-15.0, 1.3, -8.2),0.1194285
(-18.0, 1.5, -8.2),0.2252891
(-15.8, 2.2, -8.2),0.2020996
(-18.2, 2.5, -8.2),0.160632
(-18.7, 1.9, -11.3),0.06493878
(-17.8, 0.4, -8.2),0.1644962
(-17.8, 2.4, -8.2),0.1985677
(-18.7, 2.2, -10.7),0.06605677
(-17.9, 2.2, -8.2),0.2122137
(-15.2, 1.8, -8.2),0.1432298
(-19.4, 0.8, -7.3),0.07119185
(-17.5, 2.7, -8.2),0.182559
(-18.7, 2.3, -12.3),0.05223874
(-17.6, 2.6, -8.2),0.1939417
(-19.7, 2.5, -8.2),0.07500152
(-17.7, 1.8, -8.2),0.2558742
(-18.0, 1.8, -8.2),0.2222284
(-19.9, 2.6, -8.2),0.06429237
(-15.8, 2.2, -8.2),0.1906542
(-16.6, 1.2, -8.2),0.3094718
(-16.7, 2.0, -8.2),0.3076773
(-17.8, 1.4, -8.2),0.2393489
(-18.7, 1.9, -10.5),0.07266542
(-18.1, 0.5, -8.2),0.1480259
(-15.4, 2.2, -8.2),0.1536148
(-18.2, 1.5, -8.2),0.1998164
(-15.6, 2.1, -8.2),0.1798763
(-15.2, 1.4, -8.2),0.1416381
(-19.2, 1.9, -8.1),0.1147256
(-18.0, 1.3, -8.2),0.2195192
(-16.4, 0.6, -8.2),0.2109281
(-18.7, 0.4, -10.8),0.05436046
(-18.5, 2.4, -8.2),0.1405133
(-19.3, 2.5, -8.2),0.0891373
(-19.0, 2.0, -8.2),0.1207025
(-18.7, 0.4, -11.1),0.05055669
(-17.2, 2.4, -8.2),0.2423663
(-18.7, 1.8, -11.1),0.06764884
(-19.4, 2.0, -7.1),0.0765632
(-17.5, 1.1, -8.2),0.2618543
(-18.7, 2.1, -11.7),0.0584278
(-18.7, 1.7, -10.3),0.0758695
(-15.0, 2.6, -8.2),0.1020833
(-18.3, 2.3, -8.2),0.1645856
(-18.7, 2.3, -11.1),0.06132971
(-15.6, 0.3, -8.2),0.1183463
(-19.7, 1.9, -8.2),0.08538591
(-18.0, 0.4, -8.2),0.1506942
(-15.3, 0.8, -8.2),0.1199658
(-18.7, 1.6, -10.6),0.07297602
(-18.7, 2.0, -11.9),0.05720891
(-17.9, 2.3, -8.2),0.2028375
(-17.9, 1.6, -8.2),0.2286318
(-18.7, 2.2, -11.0),0.06513321
(-17.6, 2.4, -8.2),0.2103683
(-16.4, 0.5, -8.2),0.1887708
(-18.7, 1.9, -10.7),0.0710157
(-18.7, 1.0, -11.2),0.06049089
(-18.7, 1.8, -11.1),0.06803219
(-16.5, 1.0, -8.2),0.2699642
(-19.4, 2.1, -7.0),0.06918218
(-16.5, 2.4, -8.2),0.244458
(-18.7, 1.7, -10.9),0.06964364
(-17.5, 1.8, -8.2),0.275566
(-19.2, 1.4, -8.2),0.1119652
(-16.2, 2.0, -8.2),0.2637666
(-14.8, 1.7, -8.2),0.1011941
(-17.4, 0.8, -8.2),0.2401548
(-18.7, 1.1, -10.2),0.07455716
(-22.0, 1.2, -7.7),0.01164013
(-18.1, 1.8, -8.2),0.2115705
(-15.1, 1.6, -8.2),0.1288552
(-17.9, 2.0, -8.2),0.2175538
(-17.0, 1.4, -8.2),0.3320922
(-19.4, 1.9, -7.0),0.07461999
(-17.0, 0.4, -8.2),0.2006297
(-16.5, 2.4, -8.2),0.2387554
(-20.6, 2.6, -8.2),0.04009619
(-18.1, 2.1, -8.2),0.1933965
(-19.9, 1.7, -8.2),0.07400377
(-15.0, 2.4, -8.2),0.113076
(-16.2, 2.1, -8.2),0.2512633
(-16.7, 2.1, -8.2),0.296131
(-19.2, 0.9, -8.1),0.09865017
(-15.1, 2.5, -8.2),0.1117344
(-16.6, 1.7, -8.2),0.3310445
(-19.2, 2.7, -8.2),0.09010969
(-16.7, 0.8, -8.2),0.2515939
(-17.3, 1.9, -8.2),0.2996725
(-17.1, 1.4, -8.2),0.3198764
(-15.6, 1.4, -8.2),0.1791862
(-20.3, 2.3, -8.2),0.05646899
(-17.1, 2.0, -8.2),0.3007168
(-16.6, 1.1, -8.2),0.297451
(-17.1, 0.5, -8.2),0.2173523
(-16.7, 2.1, -8.2),0.2938154
(-16.6, 0.7, -5.4),0.04328855
(-15.4, 2.2, -8.2),0.1540913
(-16.4, 1.8, -8.2),0.2955561
(-17.2, 2.1, -8.2),0.2729019
(-16.9, 1.8, -8.2),0.3296334
(-15.2, 2.4, -8.2),0.1325101
(-16.6, 1.9, -8.2),0.3193196
(-16.4, 2.3, -8.2),0.2555447
(-20.4, 2.1, -8.2),0.05259566
(-16.9, 1.2, -8.2),0.3130031
(-16.6, 0.1, -3.9),0.01068288
(-16.5, 1.3, -8.2),0.3135065
(-17.4, 2.2, -8.2),0.2457827
(-16.9, 1.5, -8.2),0.3374955
(-16.2, 2.7, -8.2),0.1862236
(-16.8, 2.1, -8.2),0.2908911
(-16.4, 1.7, -8.2),0.3114713
(-17.5, 1.9, -8.2),0.2720266
(-16.6, 2.4, -8.2),0.2419767
(-17.4, 1.2, -8.2),0.2863578
(-16.7, 2.1, -8.2),0.2875982
(-16.4, 2.1, -8.2),0.2793317
(-16.6, 2.3, -5.5),0.04512937
(-17.0, 1.2, -8.2),0.3127688
(-16.4, 1.8, -8.2),0.2987142
(-17.0, 1.2, -8.2),0.312377
(-16.6, 2.3, -5.3),0.03953602
(-16.6, 1.8, -8.2),0.3293842
(-16.6, 2.6, -3.3),0.007118891
(-16.4, 1.1, -8.2),0.2695366
(-17.4, 1.6, -8.2),0.2989843
(-14.9, 2.7, -2.7),0.003417598
(-15.6, 2.7, -2.7),0.004195413
(-20.4, 1.4, -8.2),0.0499137
(-16.8, 2.1, -8.2),0.3013324
(-17.0, 2.2, -8.2),0.2822953
(-20.8, 1.7, -8.2),0.03680987
(-16.7, 1.2, -8.2),0.3087209
(-16.6, 2.6, -5.1),0.03028118
(-19.6, 0.8, -8.2),0.07431068
(-15.5, 2.2, -8.2),0.1666175
(-16.5, 1.8, -8.2),0.311404
(-17.4, 1.4, -8.2),0.2987615
(-16.8, 2.3, -8.2),0.2631866
(-17.3, 2.1, -8.2),0.2713882
(-16.5, 1.9, -8.2),0.3030593
(-17.2, 2.0, -8.2),0.2946518
(-17.5, 0.6, -8.2),0.2008728
(-16.6, 1.3, -5.9),0.06729008
(-17.9, 2.6, -8.2),0.1712356
(-17.2, 1.0, -8.2),0.2744906
(-16.6, 1.1, -8.2),0.2917734
(-17.3, 2.2, -8.2),0.2588224
(-16.5, 1.4, -8.2),0.3130669
(-17.2, 2.0, -8.2),0.2900911
(-17.6, 0.7, -8.2),0.2088635
(-16.7, 1.3, -8.2),0.324635
(-16.5, 1.7, -8.2),0.3201955
(-17.8, 1.7, -8.2),0.2489583
(-16.9, 2.5, -8.2),0.2392538
(-16.4, 1.8, -8.2),0.3017558
(-16.6, 0.8, -8.2),0.2484327
(-17.6, 2.4, -8.2),0.2214249
(-17.9, 1.8, -8.2),0.2302537
(-16.8, 2.0, -8.2),0.3125068
(-15.5, 1.2, -8.2),0.1572087
(-17.0, 2.2, -8.2),0.2759902
(-15.6, 1.5, -8.2),0.1822395
(-17.2, 1.5, -8.2),0.3213972
(-17.2, 1.6, -8.2),0.3176952
(-17.4, 1.4, -8.2),0.2957266
(-17.6, 2.2, -8.2),0.2338265
(-16.6, 1.9, -8.2),0.3103293
(-17.0, 1.9, -8.2),0.321889
(-18.2, 1.7, -8.2),0.2027984
(-17.4, 1.3, -8.2),0.2931158
(-17.2, 1.5, -8.2),0.3184276
(-16.6, 2.1, -8.2),0.294017
(-18.2, 0.8, -8.2),0.1670429
(-16.6, 2.0, -8.2),0.2995857
(-16.9, 1.1, -8.2),0.3053872
(-16.9, 1.1, -8.2),0.3054023
(-17.4, 1.1, -8.2),0.2710201
(-17.4, 0.6, -8.2),0.2124797
(-16.8, 1.8, -8.2),0.3336163
(-15.8, 2.3, -8.2),0.1859343
(-16.8, 1.1, -8.2),0.3054222
(-17.0, 1.8, -8.2),0.3278889
(-15.5, 1.6, -8.2),0.1751466
(-16.5, 1.7, -8.2),0.3172662
(-16.8, 1.5, -8.2),0.3377026
(-18.2, 2.4, -8.2),0.1642501
(-16.7, 2.5, -8.2),0.2372953
(-16.2, 2.0, -8.1),0.2643114
(-17.4, 1.8, -8.2),0.2864055
(-17.1, 1.7, -8.2),0.3248428
(-16.9, 1.6, -8.2),0.33869
(-16.6, 0.7, -5.5),0.04464494
(-19.4, 1.1, -7.7),0.08737265
(-19.2, 1.1, -8.1),0.1060485
(-17.4, 1.4, -8.2),0.2976301
(-17.2, 0.9, -8.2),0.2694217
(-16.9, 1.0, -8.2),0.2930735
(-16.7, 2.2, -8.2),0.2857277
(-16.7, 1.7, -8.2),0.3345194
(-19.2, 1.4, -8.1),0.1116544
(-16.6, 2.0, -8.2),0.3082722
(-17.4, 1.7, -8.2),0.2929467
(-16.7, 1.3, -8.2),0.3250512
(-16.8, 2.3, -8.2),0.2706532
(-16.7, 1.7, -8.2),0.3310162
(-16.6, 1.3, -8.2),0.3235922
(-15.6, 1.3, -8.2),0.1817315
(-16.8, 1.1, -8.2),0.2976314
(-19.6, 1.5, -8.2),0.08952385
(-19.4, 1.9, -7.7),0.09703568
(-16.4, 1.7, -8.2),0.3115879
(-15.9, 2.0, -8.2),0.2240857
(-16.7, 1.7, -8.2),0.3352198
(-16.8, 1.1, -8.2),0.2960545
(-19.4, 2.1, -7.6),0.09136219
(-16.6, 1.6, -8.2),0.3335259
(-17.1, 1.8, -8.2),0.3161798
(-17.5, 1.0, -8.2),0.2477715
(-16.7, 1.6, -8.2),0.3360943
(-16.4, 1.0, -8.2),0.2594157
(-15.5, 1.2, -8.2),0.1650355
(-16.6, 1.9, -8.2),0.3070592
(-17.9, 1.6, -8.2),0.2318113
(-16.8, 1.7, -8.2),0.3370377
(-17.4, 1.3, -8.2),0.2882224
(-17.1, 1.6, -8.2),0.325014
(-16.7, 1.9, -8.2),0.3167391
(-17.1, 1.5, -8.2),0.3269391
(-17.0, 2.4, -8.2),0.2454784
(-17.8, 1.6, -8.2),0.2425609
(-16.9, 0.8, -8.2),0.2546947
(-16.8, 0.9, -8.2),0.2693848
(-16.6, 0.7, -5.0),0.03134748
(-16.6, 0.2, -4.6),0.01959652
(-17.0, 2.0, -8.2),0.3026891
(-16.5, 1.0, -8.2),0.279933
(-16.7, 2.0, -8.2),0.3134031
(-16.8, 2.2, -8.2),0.2773416
(-17.4, 0.9, -8.2),0.2571076
(-16.8, 2.3, -8.2),0.268101
(-18.0, 1.4, -8.2),0.2205998
(-16.7, 1.9, -8.2),0.3159493
(-16.4, 1.3, -8.2),0.296349
(-16.8, 1.9, -8.2),0.3237271
(-16.9, 1.7, -8.2),0.3315527
(-18.1, 0.9, -8.2),0.1775893
(-16.6, 1.7, -6.1),0.07663921
(-16.7, 1.6, -8.2),0.3384021
(-16.6, 1.2, -8.2),0.3066758
(-18.4, 1.7, -8.2),0.1734345
(-19.4, 2.0, -7.9),0.09869146
(-16.9, 1.7, -8.2),0.3375349
(-17.7, 1.3, -8.2),0.2492739
(-16.9, 1.4, -8.2),0.3354289
(-17.2, 1.6, -8.2),0.3209331
(-17.5, 1.8, -8.2),0.2809111
(-16.0, 2.5, -8.2),0.1943865
(-17.1, 1.5, -8.2),0.3292426
(-16.6, 1.5, -8.2),0.3289832
(-16.7, 1.6, -8.2),0.3386917
(-16.7, 1.6, -8.2),0.3386547
(-16.6, 1.4, -5.1),0.03673757
(-16.9, 2.0, -8.2),0.307714
(-16.7, 1.4, -8.2),0.3291542
(-17.2, 2.0, -8.2),0.2960339
(-17.6, 1.4, -8.2),0.2729394
(-16.6, 1.3, -8.2),0.3151276
(-16.6, 1.9, -8.2),0.3195595
(-16.3, 1.6, -8.2),0.2989697
(-16.8, 1.5, -8.2),0.3383476
(-16.7, 1.6, -8.2),0.3391269
(-17.3, 1.9, -8.2),0.2900687
(-16.8, 1.8, -8.2),0.3328029
(-16.4, 1.3, -8.2),0.3030622
(-17.3, 1.3, -8.2),0.3055048
(-16.9, 1.5, -8.2),0.3346895
(-16.6, 1.5, -8.2),0.3279855
(-17.1, 1.5, -8.2),0.3286296
(-17.1, 1.8, -8.2),0.3125152
(-16.7, 1.4, -8.2),0.3319302
(-16.4, 1.3, -8.2),0.2895236
(-16.4, 1.2, -8.2),0.2775744
(-16.4, 1.4, -8.2),0.3084187
(-16.7, 1.7, -8.2),0.334393
(-16.7, 1.6, -8.2),0.3389806
(-16.9, 1.9, -8.2),0.3203253
(-17.1, 1.3, -8.2),0.3161283
(-17.6, 1.6, -8.2),0.275599
(-17.1, 1.0, -8.2),0.2818404
(-16.4, 1.7, -8.2),0.3076766
(-16.7, 1.8, -8.2),0.3325218
(-16.6, 1.8, -8.2),0.3204948
(-17.4, 1.6, -8.2),0.2926998
(-16.7, 1.2, -8.2),0.3183311
(-17.5, 1.6, -8.2),0.289576
(-16.5, 1.7, -8.2),0.3164031
(-16.7, 1.8, -8.2),0.3263214
(-17.1, 2.0, -8.2),0.3025153
(-16.5, 1.7, -8.2),0.3225016
(-17.2, 1.3, -8.2),0.3065075
(-16.7, 1.6, -8.2),0.3367759
(-16.4, 1.2, -8.2),0.286595
(-16.4, 1.5, -8.2),0.3115737
(-16.6, 1.2, -8.2),0.3020225
(-16.5, 1.3, -8.2),0.3043176
(-17.0, 1.5, -8.2),0.3335066
(-16.7, 1.4, -8.2),0.3306224
(-16.5, 1.4, -8.2),0.3094508
(-16.7, 1.5, -8.2),0.3374605
(-17.1, 1.1, -8.2),0.2913167
(-16.6, 1.2, -8.2),0.3154722
(-17.1, 1.6, -8.2),0.3289245
(-16.6, 1.5, -8.2),0.3324351
(-17.2, 1.2, -8.2),0.299704
(-16.4, 1.4, -8.2),0.3092073
(-16.9, 1.4, -8.2),0.3336557
(-17.0, 1.6, -8.2),0.3351751
(-16.6, 1.7, -8.2),0.3300086
(-16.5, 1.5, -8.2),0.3133031
(-16.4, 1.6, -8.2),0.2990679
(-16.7, 1.2, -8.2),0.3136292
(-17.3, 0.9, -8.2),0.2629352
(-16.6, 1.4, -8.2),0.3216267
(-16.5, 1.6, -8.2),0.3196207
(-17.0, 1.3, -8.2),0.320755
(-16.6, 1.5, -8.2),0.3261862
(-16.5, 1.1, -8.2),0.2835994
(-16.4, 1.4, -8.2),0.2971406
(-16.5, 1.5, -8.2),0.3248342
(-16.9, 1.4, -8.2),0.3296204
(-16.6, 1.4, -8.2),0.3296209
(-16.8, 1.6, -8.2),0.3388737
(-17.2, 1.7, -8.2),0.311965
(-16.5, 1.2, -8.2),0.2956039
(-17.4, 1.3, -8.2),0.2837416
(-16.4, 1.4, -8.2),0.2994499
(-16.5, 2.0, -8.2),0.2932028
(-17.8, 1.3, -8.2),0.2449707
(-16.6, 1.5, -8.2),0.3333695
(-17.3, 1.0, -8.2),0.2714873
(-16.6, 1.5, -8.2),0.3316417
(-16.5, 1.3, -8.2),0.3066663
(-20.1, 0.1, -8.2),0.03715322
(-17.3, 1.4, -8.2),0.3085237
(-18.2, 1.4, -8.2),0.1961503
(-16.4, 1.5, -8.2),0.3099705
(-18.3, 1.3, -8.2),0.1783937
(-17.1, 1.8, -8.2),0.3189909
(-16.9, 1.4, -8.2),0.3310167
(-16.8, 1.3, -8.2),0.3247748
(-19.2, 1.6, -8.1),0.1151724
(-18.2, 1.5, -8.2),0.2030513
(-17.1, 1.7, -8.2),0.324755
(-20.2, 1.7, -10.2),0.03904377
(-17.2, 1.0, -8.2),0.2702584
(-16.8, 1.1, -8.2),0.3078235
(-17.6, 1.1, -8.2),0.255061
(-19.2, 0.9, -8.2),0.09850855
(-17.3, 1.2, -8.2),0.2881804
(-24.8, 1.5, -8.2),0.0008184286
(-16.4, 0.2, -8.2),0.1620697
(-16.6, 0.2, -8.2),0.166546
(-16.6, 0.5, -8.2),0.2049315
(-16.7, 0.3, -8.2),0.1787919
(-16.7, 0.2, -8.2),0.1653975
(-16.7, 0.2, -8.2),0.1781047
(-16.5, 0.3, -8.2),0.1831304
(-17.0, 0.1, -8.2),0.1541325
(-16.7, 0.3, -8.2),0.1895024
(-17.0, 2.5, -8.2),0.2313297
(-16.6, 2.4, -8.2),0.2404364
(-16.8, 2.4, -8.2),0.2549318
(-16.0, 2.3, -8.2),0.2113743
(-16.2, 2.2, -8.2),0.2430294
(-16.3, 2.4, -8.2),0.2219401
(-15.6, 2.3, -8.2),0.1708584
(-16.6, 2.4, -8.2),0.2520669
(-15.9, 2.5, -8.2),0.1886379
(-16.1, 2.4, -8.2),0.2127927
(-16.5, 2.4, -8.2),0.2496927
(-16.4, 2.3, -8.2),0.2440145
(-16.3, 2.6, -8.2),0.1944722
(-17.1, 0.4, -8.2),0.1975671
(-16.8, 0.6, -8.2),0.2313565
(-17.3, 0.3, -8.2),0.1827696
(-16.9, 0.3, -8.2),0.1937844
(-16.6, 0.6, -8.2),0.2242046
(-17.2, 0.5, -8.2),0.216088
(-17.1, 0.3, -8.2),0.1840443
(-16.7, 0.3, -8.2),0.1908481
(-16.3, 0.4, -8.2),0.1840139
(-16.9, 0.3, -8.2),0.1812387
(-17.8, 0.0, -8.2),0.1254637
(-17.5, 0.3, -8.2),0.1633263
(-16.7, 0.3, -8.2),0.1875693
(-17.2, 0.6, -8.2),0.2213448
(-16.7, 0.5, -8.2),0.2142084
(-17.6, 0.2, -8.2),0.1513252
(-18.7, 2.3, -11.1),0.06244687
(-19.4, 1.4, -10.2),0.05942516
(-20.2, 1.1, -10.2),0.03645286
(-20.1, 2.1, -8.2),0.06353714
(-18.7, 0.9, -10.2),0.07094564
(-19.6, 2.3, -10.2),0.048077
(-16.5, 2.2, -8.2),0.2712041
